ui_id,symbol,source_text,target_text_th,profile_id,text_origin,hard_width_px,page_count,target_lines_per_page,expanded_line_widths_px,max_expanded_width_px,remaining_px,dynamic_placeholders,placeholder_tokens,source_control_tokens,target_control_tokens,test_values,test_expansion,thai_run_count,shaped_command_bytes,semantic_note,translation_review_status,source_injection_status,rom_build_status,visual_qa_status,token_result,shaper_result,width_result,rom_sha256,qa_note
UI0285,gText_MoveRelearnerAndPoof,"{PAUSE 32}1, {PAUSE 15}2, and {PAUSE 15}… {PAUSE 15}… {PAUSE 15}… {PAUSE 15}{PLAY_SE SE_BALL_BOUNCE_1}Poof!\p","{PAUSE 32}1, {PAUSE 15}2 แล้วก็ {PAUSE 15}… {PAUSE 15}… {PAUSE 15}… {PAUSE 15}{PLAY_SE SE_BALL_BOUNCE_1}พรึบ!\p",MOVE_RELEARNER_MESSAGE_NORMAL_176x32_X0Y1,"x=0, y=1",176,2,1;1,101;0,101,75,no,,{PAUSE 32};{PAUSE 15};{PAUSE 15};{PAUSE 15};{PAUSE 15};{PAUSE 15};{PLAY_SE SE_BALL_BOUNCE_1};\p,{PAUSE 32};{PAUSE 15};{PAUSE 15};{PAUSE 15};{PAUSE 15};{PAUSE 15};{PLAY_SE SE_BALL_BOUNCE_1};\p,{},"{PAUSE 32}1, {PAUSE 15}2 แล้วก็ {PAUSE 15}… {PAUSE 15}… {PAUSE 15}… {PAUSE 15}{PLAY_SE SE_BALL_BOUNCE_1}พรึบ!\p",2,56,คง Pause ทั้งหมด เสียงเอฟเฟกต์ และ Page break ปลายข้อความตาม Source,approved,pass,pass,pending,pass,pass,pass,6426edc9cc30e116fa13b946874a59262c1096b3299078cd963d3d466f1d9fe4,"Automated review, exact source injection, page-break encoding, Thai shaping, dynamic expansion, page layout, strict width, preflight strings.o, and normal ROM build passed. Runtime visual QA is pending."
UI0286,gText_MoveRelearnerGiveUp,"Give up trying to teach a new
move to {STR_VAR_1}?","จะเลิกสอนท่าใหม่ให้
{STR_VAR_1} ไหม?",MOVE_RELEARNER_MESSAGE_NORMAL_176x32_X0Y1,"x=0, y=1",176,1,2,91;89,91,85,yes,{STR_VAR_1},,,"{""STR_VAR_1"": ""WWWWWWWWWW""}","จะเลิกสอนท่าใหม่ให้
WWWWWWWWWW ไหม?",2,144,ยืนยันออกจาก Move Relearner โดยไม่สอนท่า,approved,pass,pass,pending,pass,pass,pass,6426edc9cc30e116fa13b946874a59262c1096b3299078cd963d3d466f1d9fe4,"Automated review, exact source injection, page-break encoding, Thai shaping, dynamic expansion, page layout, strict width, preflight strings.o, and normal ROM build passed. Runtime visual QA is pending."
UI0287,gText_MoveRelearnerPkmnForgotMoveAndLearnedNew,{STR_VAR_1} forgot {STR_VAR_3}.\pAnd…\p{STR_VAR_1} learned {STR_VAR_2}.,"{STR_VAR_1} ลืม
{STR_VAR_3} ไปแล้ว\pแล้วก็…\p{STR_VAR_1} เรียนรู้
{STR_VAR_2} แล้ว",MOVE_RELEARNER_MESSAGE_NORMAL_176x32_X0Y1,"x=0, y=1",176,3,2;1;2,76;107;31;92;94,107,69,yes,{STR_VAR_1};{STR_VAR_3};{STR_VAR_1};{STR_VAR_2},\p;\p,\p;\p,"{""STR_VAR_1"": ""WWWWWWWWWW"", ""STR_VAR_2"": ""WWWWWWWWWWWW"", ""STR_VAR_3"": ""WWWWWWWWWWWW""}","WWWWWWWWWW ลืม
WWWWWWWWWWWW ไปแล้ว\pแล้วก็…\pWWWWWWWWWW เรียนรู้
WWWWWWWWWWWW แล้ว",5,152,คงสามหน้าเดิม; STR_VAR_3 คือท่าเก่า และ STR_VAR_2 คือท่าใหม่,approved,pass,pass,pending,pass,pass,pass,6426edc9cc30e116fa13b946874a59262c1096b3299078cd963d3d466f1d9fe4,"Automated review, exact source injection, page-break encoding, Thai shaping, dynamic expansion, page layout, strict width, preflight strings.o, and normal ROM build passed. Runtime visual QA is pending."
UI0288,gText_MoveRelearnerPkmnLearnedMove,"{STR_VAR_1} learned
{STR_VAR_2}!","{STR_VAR_1} เรียนรู้
{STR_VAR_2} แล้ว!",MOVE_RELEARNER_MESSAGE_NORMAL_176x32_X0Y1,"x=0, y=1",176,1,2,92;98,98,78,yes,{STR_VAR_1};{STR_VAR_2},,,"{""STR_VAR_1"": ""WWWWWWWWWW"", ""STR_VAR_2"": ""WWWWWWWWWWWW""}","WWWWWWWWWW เรียนรู้
WWWWWWWWWWWW แล้ว!",2,64,แจ้งผลเรียนท่าสำเร็จ แบ่งสองบรรทัดเพื่อจำกัดความกว้าง,approved,pass,pass,pending,pass,pass,pass,6426edc9cc30e116fa13b946874a59262c1096b3299078cd963d3d466f1d9fe4,"Automated review, exact source injection, page-break encoding, Thai shaping, dynamic expansion, page layout, strict width, preflight strings.o, and normal ROM build passed. Runtime visual QA is pending."
UI0289,gText_MoveRelearnerPkmnTryingToLearnMove,"{STR_VAR_1} is trying to learn
{STR_VAR_2}.\pBut {STR_VAR_1} can't learn more
than four moves.\pDelete an older move to make
room for {STR_VAR_2}?","{STR_VAR_1} อยากเรียนรู้
{STR_VAR_2}\pแต่ {STR_VAR_1} จำท่าได้
ไม่เกินสี่ท่า\pจะลบท่าเดิมเพื่อให้
เรียนรู้ {STR_VAR_2} ไหม?",MOVE_RELEARNER_MESSAGE_NORMAL_176x32_X0Y1,"x=0, y=1",176,3,2;2;2,114;72;114;48;84;133,133,43,yes,{STR_VAR_1};{STR_VAR_2};{STR_VAR_1};{STR_VAR_2},\p;\p,\p;\p,"{""STR_VAR_1"": ""WWWWWWWWWW"", ""STR_VAR_2"": ""WWWWWWWWWWWW""}","WWWWWWWWWW อยากเรียนรู้
WWWWWWWWWWWW\pแต่ WWWWWWWWWW จำท่าได้
ไม่เกินสี่ท่า\pจะลบท่าเดิมเพื่อให้
เรียนรู้ WWWWWWWWWWWW ไหม?",7,368,คงสามหน้าเดิม อธิบายข้อจำกัดสี่ท่าและถามว่าจะลบท่าเดิมหรือไม่,approved,pass,pass,pending,pass,pass,pass,6426edc9cc30e116fa13b946874a59262c1096b3299078cd963d3d466f1d9fe4,"Automated review, exact source injection, page-break encoding, Thai shaping, dynamic expansion, page layout, strict width, preflight strings.o, and normal ROM build passed. Runtime visual QA is pending."
UI0290,gText_MoveRelearnerStopTryingToTeachMove,"Stop trying to teach
{STR_VAR_2}?","หยุดสอน
{STR_VAR_2} ไหม?",MOVE_RELEARNER_MESSAGE_NORMAL_176x32_X0Y1,"x=0, y=1",176,1,2,40;101,101,75,yes,{STR_VAR_2},,,"{""STR_VAR_2"": ""WWWWWWWWWWWW""}","หยุดสอน
WWWWWWWWWWWW ไหม?",2,72,ยืนยันหยุดสอนท่าที่เลือก,approved,pass,pass,pending,pass,pass,pass,6426edc9cc30e116fa13b946874a59262c1096b3299078cd963d3d466f1d9fe4,"Automated review, exact source injection, page-break encoding, Thai shaping, dynamic expansion, page layout, strict width, preflight strings.o, and normal ROM build passed. Runtime visual QA is pending."
UI0291,gText_MoveRelearnerTeachMoveConfirm,Teach {STR_VAR_2}?,สอน {STR_VAR_2} ไหม?,MOVE_RELEARNER_MESSAGE_NORMAL_176x32_X0Y1,"x=0, y=1",176,1,1,124,124,52,yes,{STR_VAR_2},,,"{""STR_VAR_2"": ""WWWWWWWWWWWW""}",สอน WWWWWWWWWWWW ไหม?,2,48,ยืนยันการสอนท่า โดยคงชื่อท่าใน STR_VAR_2 เป็นภาษาอังกฤษ,approved,pass,pass,pending,pass,pass,pass,6426edc9cc30e116fa13b946874a59262c1096b3299078cd963d3d466f1d9fe4,"Automated review, exact source injection, page-break encoding, Thai shaping, dynamic expansion, page layout, strict width, preflight strings.o, and normal ROM build passed. Runtime visual QA is pending."
UI0292,gText_MoveRelearnerWhichMoveToForget,"Which move should be
forgotten?\p",จะให้ลืมท่าไหน?\p,MOVE_RELEARNER_MESSAGE_NORMAL_176x32_X0Y1,"x=0, y=1",176,2,1;1,75;0,75,101,no,,\p,\p,{},จะให้ลืมท่าไหน?\p,1,88,ใช้ถ้อยคำเดียวกับ Party Menu ที่ผ่าน QA แล้ว และคง Page break ปลายข้อความ,approved,pass,pass,pending,pass,pass,pass,6426edc9cc30e116fa13b946874a59262c1096b3299078cd963d3d466f1d9fe4,"Automated review, exact source injection, page-break encoding, Thai shaping, dynamic expansion, page layout, strict width, preflight strings.o, and normal ROM build passed. Runtime visual QA is pending."
UI0484,gText_TeachWhichMoveToPkmn,Teach which move to {STR_VAR_1}?,สอนท่าไหนให้ {STR_VAR_1}?,MOVE_RELEARNER_STATIC_NORMAL_176x32_X0Y1,"x=0, y=1",176,1,1,134,134,42,yes,{STR_VAR_1},,,"{""STR_VAR_1"": ""WWWWWWWWWW""}",สอนท่าไหนให้ WWWWWWWWWW?,1,80,คำถามเลือกท่าที่จะสอน โดย STR_VAR_1 เป็นชื่อเล่นโปเกมอน,approved,pass,pass,pending,pass,pass,pass,6426edc9cc30e116fa13b946874a59262c1096b3299078cd963d3d466f1d9fe4,"Automated review, exact source injection, page-break encoding, Thai shaping, dynamic expansion, page layout, strict width, preflight strings.o, and normal ROM build passed. Runtime visual QA is pending."
