id,raw_category,scope_group,scope_subgroup,policy,scope_status,canonical_tracker,reason,source_file,source_line,source_label,group7_scope_decision,destination_group,corrected_group7_decision,correction_reason,exact_raw,reconcile_decision,reconcile_reason,english_raw,thai,translation_status
dlg_53ea06c27c8c36ad,battle,Unclassified,battle,HOLD_FOR_SCOPE_DECISION,HOLD,,Raw inventory row; scope not explicitly approved.,data/maps/BattleFrontier_ScottsHouse/scripts.inc,212,BattleFrontier_ScottsHouse_Text_WelcomeToBattleFrontier,GROUP7_SELECTED,,GROUP7_EXPLICIT_FACILITY,Explicit Battle Frontier/Battle Tent facility source or facility-specific shared string,"SCOTT: Well, hello and welcome!\nHeheh… Sorry about the cramped space.\pAnyway, {PLAYER}{KUN}, let me formally\nwelcome you to the BATTLE FRONTIER.\pThis is my dream come true.\nIt took me years and years, but I've\lfinally given shape to my dream.$",NEEDS_TRANSLATION,exact current target remains untranslated,"SCOTT: Well, hello and welcome!\nHeheh… Sorry about the cramped space.\pAnyway, {PLAYER}{KUN}, let me formally\nwelcome you to the BATTLE FRONTIER.\pThis is my dream come true.\nIt took me years and years, but I've\lfinally given shape to my dream.$",สก็อตต์: สวัสดี ยินดีต้อนรับ!\nฮะฮะ… ขอโทษนะ ที่นี่แคบไปหน่อย.\pเอาล่ะ {PLAYER}{KUN} ฉันขอต้อนรับเธอ\nสู่แบทเทิลฟรอนเทียร์อย่างเป็นทางการ.\pที่นี่คือความฝันของฉันที่เป็นจริง.\nฉันใช้เวลาหลายต่อหลายปี กว่า\lจะสร้างความฝันนี้ให้เป็นรูปเป็นร่าง.$,TRANSLATED
dlg_593f0bd70a8fbab1,battle,Unclassified,battle,HOLD_FOR_SCOPE_DECISION,HOLD,,Raw inventory row; scope not explicitly approved.,data/maps/BattleFrontier_ScottsHouse/scripts.inc,221,BattleFrontier_ScottsHouse_Text_HowMuchEffortItTookToMakeReal,GROUP7_SELECTED,,GROUP7_EXPLICIT_FACILITY,Explicit Battle Frontier/Battle Tent facility source or facility-specific shared string,"On reflection, it was a terribly long\njourney…\pI left home alone on a quest to find\nstrong TRAINERS.\pNo one can imagine how much effort\nor time it took to make this real.$",NEEDS_TRANSLATION,exact current target remains untranslated,"On reflection, it was a terribly long\njourney…\pI left home alone on a quest to find\nstrong TRAINERS.\pNo one can imagine how much effort\nor time it took to make this real.$",พอมองย้อนกลับไป มันเป็นการเดินทาง\nที่ยาวนานจริง ๆ…\pฉันออกจากบ้านเพียงลำพัง เพื่อตามหา\nเทรนเนอร์ที่แข็งแกร่ง.\pคงไม่มีใครนึกออกว่าฉันทุ่มเทแรงกาย\nและเวลาไปมากแค่ไหนกว่าจะมาถึงวันนี้.$,TRANSLATED
dlg_7e93ae142d343829,battle,Unclassified,battle,HOLD_FOR_SCOPE_DECISION,HOLD,,Raw inventory row; scope not explicitly approved.,data/maps/BattleFrontier_ScottsHouse/scripts.inc,229,BattleFrontier_ScottsHouse_Text_HaveThisAsMementoOfOurPathsCrossing,GROUP7_SELECTED,,GROUP7_EXPLICIT_FACILITY,Explicit Battle Frontier/Battle Tent facility source or facility-specific shared string,"But that's all in the past.\nNo point dwelling on that!\pAll I want for you is to enjoy battling\nto your heart's content here.\p{PLAYER}{KUN}, I want you to have this\nas a memento for all the time our\lpaths crossed on our journeys.$",NEEDS_TRANSLATION,exact current target remains untranslated,"But that's all in the past.\nNo point dwelling on that!\pAll I want for you is to enjoy battling\nto your heart's content here.\p{PLAYER}{KUN}, I want you to have this\nas a memento for all the time our\lpaths crossed on our journeys.$",แต่เรื่องนั้นก็ผ่านไปแล้ว.\nมัวแต่คิดถึงอดีตก็ไม่มีประโยชน์!\pสิ่งที่ฉันอยากเห็นคือให้เธอสนุกกับการต่อสู้\nที่นี่อย่างเต็มที่.\p{PLAYER}{KUN} ฉันอยากให้สิ่งนี้กับเธอ\nเป็นที่ระลึกถึงทุกครั้งที่เส้นทางของเรา\lเคยตัดผ่านกันระหว่างการเดินทาง.$,TRANSLATED
dlg_d9254faba129c335,battle,Unclassified,battle,HOLD_FOR_SCOPE_DECISION,HOLD,,Raw inventory row; scope not explicitly approved.,data/maps/BattleFrontier_ScottsHouse/scripts.inc,238,BattleFrontier_ScottsHouse_Text_ObtainedXBattlePoints,GROUP7_SELECTED,,GROUP7_EXPLICIT_FACILITY,Explicit Battle Frontier/Battle Tent facility source or facility-specific shared string,{PLAYER} obtained\n{STR_VAR_1} Battle Point(s).$,NEEDS_TRANSLATION,exact current target remains untranslated,{PLAYER} obtained\n{STR_VAR_1} Battle Point(s).$,{PLAYER} ได้รับ\nแบทเทิลพอยต์ {STR_VAR_1} แต้ม.$,TRANSLATED
dlg_0e747f6fee26e093,battle,Unclassified,battle,HOLD_FOR_SCOPE_DECISION,HOLD,,Raw inventory row; scope not explicitly approved.,data/maps/BattleFrontier_ScottsHouse/scripts.inc,242,BattleFrontier_ScottsHouse_Text_ExplainBattlePoints,GROUP7_SELECTED,,GROUP7_EXPLICIT_FACILITY,Explicit Battle Frontier/Battle Tent facility source or facility-specific shared string,"SCOTT: You can check your Battle\nPoints on your FRONTIER PASS.\pThe more success you have here at\nthe BATTLE FRONTIER, the more Battle\lPoints you will collect.\pUse your Battle Points the way you\nsee fit, like trading them for items.$",NEEDS_TRANSLATION,exact current target remains untranslated,"SCOTT: You can check your Battle\nPoints on your FRONTIER PASS.\pThe more success you have here at\nthe BATTLE FRONTIER, the more Battle\lPoints you will collect.\pUse your Battle Points the way you\nsee fit, like trading them for items.$",สก็อตต์: เธอตรวจดูแบทเทิล\nพอยต์ได้จากฟรอนเทียร์พาส.\pยิ่งประสบความสำเร็จที่แบทเทิล\nฟรอนเทียร์มากเท่าไร ก็จะยิ่งสะสม\lแบทเทิลพอยต์ได้มากขึ้น.\pจะใช้แบทเทิลพอยต์อย่างไรก็ได้ตามใจ\nเช่น เอาไปแลกไอเทม.$,TRANSLATED
dlg_b6a3a5a5752b072d,battle,Unclassified,battle,HOLD_FOR_SCOPE_DECISION,HOLD,,Raw inventory row; scope not explicitly approved.,data/maps/BattleFrontier_ScottsHouse/scripts.inc,251,BattleFrontier_ScottsHouse_Text_ExpectingGreatThings,GROUP7_SELECTED,,GROUP7_EXPLICIT_FACILITY,Explicit Battle Frontier/Battle Tent facility source or facility-specific shared string,I'm expecting great things from you!$,NEEDS_TRANSLATION,exact current target remains untranslated,I'm expecting great things from you!$,ฉันคาดหวังผลงานดี ๆ จากเธอนะ!$,TRANSLATED
dlg_0fd9477bb2828228,battle,Unclassified,battle,HOLD_FOR_SCOPE_DECISION,HOLD,,Raw inventory row; scope not explicitly approved.,data/maps/BattleFrontier_ScottsHouse/scripts.inc,257,BattleFrontier_ScottsHouse_Text_HaveYouMetFrontierBrain,GROUP7_SELECTED,,GROUP7_EXPLICIT_FACILITY,Explicit Battle Frontier/Battle Tent facility source or facility-specific shared string,"SCOTT: Have you met any of\nthe FRONTIER BRAINS?\pBetter yet, have you obtained any\nsymbols from them?\pI handpicked the FRONTIER BRAINS\nas the toughest TRAINERS anywhere.\pBut I'm sure that seeing how tough\nyou are will startle even them!$",NEEDS_TRANSLATION,exact current target remains untranslated,"SCOTT: Have you met any of\nthe FRONTIER BRAINS?\pBetter yet, have you obtained any\nsymbols from them?\pI handpicked the FRONTIER BRAINS\nas the toughest TRAINERS anywhere.\pBut I'm sure that seeing how tough\nyou are will startle even them!$",สก็อตต์: เธอได้เจอ\nฟรอนเทียร์เบรนบ้างหรือยัง?\pหรือยิ่งกว่านั้น ได้รับ\nสัญลักษณ์จากพวกเขาบ้างไหม?\pฉันเลือกฟรอนเทียร์เบรนด้วยตัวเอง\nเพราะพวกเขาคือเทรนเนอร์ที่แกร่งที่สุด.\pแต่ฉันมั่นใจว่าแม้แต่พวกเขาก็คงตกใจ\nเมื่อได้เห็นว่าเธอแข็งแกร่งแค่ไหน!$,TRANSLATED
dlg_db12cb7c902922dc,battle,Unclassified,battle,HOLD_FOR_SCOPE_DECISION,HOLD,,Raw inventory row; scope not explicitly approved.,data/maps/BattleFrontier_ScottsHouse/scripts.inc,267,BattleFrontier_ScottsHouse_Text_MayFindWildMonsInFrontier,GROUP7_SELECTED,,GROUP7_EXPLICIT_FACILITY,Explicit Battle Frontier/Battle Tent facility source or facility-specific shared string,"SCOTT: You don't just train for battle,\nright?\pI think I remember you working on\na POKéDEX as well.\pWell, guess what?\pYou may run into wild POKéMON in\nthe BATTLE FRONTIER somewhere…\lFufufu!$",NEEDS_TRANSLATION,exact current target remains untranslated,"SCOTT: You don't just train for battle,\nright?\pI think I remember you working on\na POKéDEX as well.\pWell, guess what?\pYou may run into wild POKéMON in\nthe BATTLE FRONTIER somewhere…\lFufufu!$",สก็อตต์: เธอไม่ได้ฝึกโปเกมอน\nเพื่อการต่อสู้อย่างเดียวใช่ไหม?\pฉันจำได้ว่าเธอกำลังทำ\nโปเกเด็กซ์อยู่ด้วยนี่นา.\pแล้วรู้ไหม?\pที่ไหนสักแห่งในแบทเทิลฟรอนเทียร์\nเธออาจได้เจอโปเกมอนป่าก็ได้…\lหึหึหึ!$,TRANSLATED
dlg_18166d32ae994754,battle,Unclassified,battle,HOLD_FOR_SCOPE_DECISION,HOLD,,Raw inventory row; scope not explicitly approved.,data/maps/BattleFrontier_ScottsHouse/scripts.inc,277,BattleFrontier_ScottsHouse_Text_YouveCollectedAllSilverSymbols,GROUP7_SELECTED,,GROUP7_EXPLICIT_FACILITY,Explicit Battle Frontier/Battle Tent facility source or facility-specific shared string,"SCOTT: Are you enjoying things in\nthe BATTLE FRONTIER?\p…Wait a second…\nOh!\pYour FRONTIER PASS!\nYou've collected the full set\lof silver symbols!\pThat's more than impressive!\nYou are tough, just as I suspected!\pNormally, I wouldn't do something\nlike this, but this is a special time!\pI want you to have this.\nI'm sure you can put it to proper use.$",NEEDS_TRANSLATION,exact current target remains untranslated,"SCOTT: Are you enjoying things in\nthe BATTLE FRONTIER?\p…Wait a second…\nOh!\pYour FRONTIER PASS!\nYou've collected the full set\lof silver symbols!\pThat's more than impressive!\nYou are tough, just as I suspected!\pNormally, I wouldn't do something\nlike this, but this is a special time!\pI want you to have this.\nI'm sure you can put it to proper use.$",สก็อตต์: สนุกกับการใช้เวลาใน\nแบทเทิลฟรอนเทียร์อยู่ไหม?\p…เดี๋ยวก่อนนะ…\nโอ้!\pฟรอนเทียร์พาสของเธอ!\nเธอสะสมสัญลักษณ์สีเงิน\lครบทั้งชุดแล้วนี่!\pยอดเยี่ยมเกินคาดจริง ๆ!\nเธอแข็งแกร่งอย่างที่ฉันคิดไว้เลย!\pปกติฉันไม่ทำอะไรแบบนี้หรอก\nแต่ครั้งนี้เป็นกรณีพิเศษ!\pฉันอยากให้สิ่งนี้กับเธอ.\nเชื่อว่าเธอจะใช้มันได้อย่างคุ้มค่า.$,TRANSLATED
dlg_8b1ee12ee8c3ac88,battle,Unclassified,battle,HOLD_FOR_SCOPE_DECISION,HOLD,,Raw inventory row; scope not explicitly approved.,data/maps/BattleFrontier_ScottsHouse/scripts.inc,292,BattleFrontier_ScottsHouse_Text_YouveCollectedAllGoldSymbols,GROUP7_SELECTED,,GROUP7_EXPLICIT_FACILITY,Explicit Battle Frontier/Battle Tent facility source or facility-specific shared string,"SCOTT: I hope you're enjoying\neverything in the BATTLE FRONTIER.\p…Wait a second…\nOh, my disbelieving eyes!\pYour FRONTIER PASS!\nYou've gathered up the full set\lof gold symbols!\pThat's more than stupendous!\nYou're incredible, just as I suspected!\p… … … … … …\p{PLAYER}, you've got to accept this!\pI think you will be able to\nappreciate the value of my gift!$",NEEDS_TRANSLATION,exact current target remains untranslated,"SCOTT: I hope you're enjoying\neverything in the BATTLE FRONTIER.\p…Wait a second…\nOh, my disbelieving eyes!\pYour FRONTIER PASS!\nYou've gathered up the full set\lof gold symbols!\pThat's more than stupendous!\nYou're incredible, just as I suspected!\p… … … … … …\p{PLAYER}, you've got to accept this!\pI think you will be able to\nappreciate the value of my gift!$",สก็อตต์: หวังว่าเธอจะสนุกกับ\nทุกอย่างในแบทเทิลฟรอนเทียร์นะ.\p…เดี๋ยวก่อน…\nโอ้ ไม่น่าเชื่อสายตาตัวเอง!\pฟรอนเทียร์พาสของเธอ!\nเธอสะสมสัญลักษณ์สีทอง\lครบทั้งชุดแล้ว!\pสุดยอดเกินคำบรรยาย!\nเธอน่าทึ่งจริง ๆ อย่างที่ฉันคิดไว้!\p… … … … … …\p{PLAYER} เธอต้องรับสิ่งนี้ไว้นะ!\pฉันคิดว่าเธอจะเข้าใจ\nคุณค่าของของขวัญชิ้นนี้แน่นอน!$,TRANSLATED
dlg_e42d689df9e3cbc2,battle,Unclassified,battle,HOLD_FOR_SCOPE_DECISION,HOLD,,Raw inventory row; scope not explicitly approved.,data/maps/BattleFrontier_ScottsHouse/scripts.inc,307,BattleFrontier_ScottsHouse_Text_SoGladIBroughtYouHere,GROUP7_SELECTED,,GROUP7_EXPLICIT_FACILITY,Explicit Battle Frontier/Battle Tent facility source or facility-specific shared string,I must say I have the gift of knowing\na good TRAINER when I see one.\pI'm so glad I had the foresight to\nbring you here!$,NEEDS_TRANSLATION,exact current target remains untranslated,I must say I have the gift of knowing\na good TRAINER when I see one.\pI'm so glad I had the foresight to\nbring you here!$,ฉันนี่ดูเทรนเนอร์เก่ง ๆ\nออกจริง ๆ นะ.\pดีใจจริง ๆ ที่ตอนนั้นฉันคิดถูก\nที่พาเธอมาที่นี่!$,TRANSLATED
dlg_de5dd97087ce2717,battle,Unclassified,battle,HOLD_FOR_SCOPE_DECISION,HOLD,,Raw inventory row; scope not explicitly approved.,data/maps/BattleFrontier_ScottsHouse/scripts.inc,313,BattleFrontier_ScottsHouse_Text_BerryPocketStuffed,GROUP7_SELECTED,,GROUP7_EXPLICIT_FACILITY,Explicit Battle Frontier/Battle Tent facility source or facility-specific shared string,Your BERRY POCKET seems to\nbe stuffed.$,NEEDS_TRANSLATION,exact current target remains untranslated,Your BERRY POCKET seems to\nbe stuffed.$,กระเป๋าเบอร์รีของคุณดูเหมือน\nจะเต็มแล้ว.$,TRANSLATED
dlg_c5a2c4be0f8f2b07,battle,Unclassified,battle,HOLD_FOR_SCOPE_DECISION,HOLD,,Raw inventory row; scope not explicitly approved.,data/maps/BattleFrontier_ScottsHouse/scripts.inc,323,BattleFrontier_ScottsHouse_Text_ExpectingToHearEvenGreaterThings,GROUP7_SELECTED,,GROUP7_EXPLICIT_FACILITY,Explicit Battle Frontier/Battle Tent facility source or facility-specific shared string,I'll be expecting to hear even greater\nthings about you now!$,NEEDS_TRANSLATION,exact current target remains untranslated,I'll be expecting to hear even greater\nthings about you now!$,จากนี้ฉันจะรอฟังเรื่องราว\nที่ยิ่งใหญ่กว่านี้ของเธอนะ!$,TRANSLATED
dlg_61b26503240e95ac,battle,Unclassified,battle,HOLD_FOR_SCOPE_DECISION,HOLD,,Raw inventory row; scope not explicitly approved.,data/maps/BattleFrontier_ScottsHouse/scripts.inc,327,BattleFrontier_ScottsHouse_Text_ComeBackForThisLater,GROUP7_SELECTED,,GROUP7_EXPLICIT_FACILITY,Explicit Battle Frontier/Battle Tent facility source or facility-specific shared string,"Oops, well, if you have too much\nstuff, come back for this later.$",NEEDS_TRANSLATION,exact current target remains untranslated,"Oops, well, if you have too much\nstuff, come back for this later.$",อ๊ะ ถ้าของเต็มอยู่\nไว้ค่อยกลับมารับสิ่งนี้ทีหลังก็ได้.$,TRANSLATED
dlg_b2e83ef8c4e11049,battle,Unclassified,battle,HOLD_FOR_SCOPE_DECISION,HOLD,,Raw inventory row; scope not explicitly approved.,data/maps/BattleFrontier_PokemonCenter_1F/scripts.inc,40,BattleFrontier_PokemonCenter_1F_Text_NeverSeenPokemon,GROUP7_SELECTED,,GROUP7_EXPLICIT_FACILITY,Explicit Battle Frontier/Battle Tent facility source or facility-specific shared string,There was someone here using a \nPOKéMON I've never seen before.\pI never learned about it at\nTRAINER'S SCHOOL at least.\pI wonder where you can catch POKéMON\nlike that.$,NEEDS_TRANSLATION,exact current target remains untranslated,There was someone here using a \nPOKéMON I've never seen before.\pI never learned about it at\nTRAINER'S SCHOOL at least.\pI wonder where you can catch POKéMON\nlike that.$,เมื่อกี้มีคนใช้โปเกมอนที่\nฉันไม่เคยเห็นมาก่อนเลย.\pอย่างน้อยที่โรงเรียนเทรนเนอร์\nก็ไม่เคยสอนเรื่องมันนะ.\pสงสัยจังว่าจะจับโปเกมอนแบบนั้น\nได้จากที่ไหน.$,TRANSLATED
dlg_4c1ed95cf71b1c68,battle,Unclassified,battle,HOLD_FOR_SCOPE_DECISION,HOLD,,Raw inventory row; scope not explicitly approved.,data/maps/BattleFrontier_PokemonCenter_1F/scripts.inc,48,BattleFrontier_PokemonCenter_1F_Text_NextStopBattleArena,GROUP7_SELECTED,,GROUP7_EXPLICIT_FACILITY,Explicit Battle Frontier/Battle Tent facility source or facility-specific shared string,"Okay! Next stop, the BATTLE ARENA!\nI'd better get the right POKéMON from\lthe PC Storage System.$",NEEDS_TRANSLATION,exact current target remains untranslated,"Okay! Next stop, the BATTLE ARENA!\nI'd better get the right POKéMON from\lthe PC Storage System.$",เอาล่ะ! จุดหมายต่อไปคือแบทเทิลอารีนา!\nต้องไปเลือกโปเกมอนที่เหมาะจาก\lระบบจัดเก็บโปเกมอนใน PC ก่อน.$,TRANSLATED
dlg_1969428f75c72f9b,battle,Unclassified,battle,HOLD_FOR_SCOPE_DECISION,HOLD,,Raw inventory row; scope not explicitly approved.,data/maps/BattleFrontier_PokemonCenter_1F/scripts.inc,53,BattleFrontier_PokemonCenter_1F_Text_GoingThroughEveryChallenge,GROUP7_SELECTED,,GROUP7_EXPLICIT_FACILITY,Explicit Battle Frontier/Battle Tent facility source or facility-specific shared string,Giggle… I'm going to go through every\nchallenge with just this baby!$,NEEDS_TRANSLATION,exact current target remains untranslated,Giggle… I'm going to go through every\nchallenge with just this baby!$,ฮิฮิ… ฉันจะพาเจ้าตัวน้อยนี่\nลุยทุกการท้าประลองเลย!$,TRANSLATED
dlg_a6bf3f670b164110,battle,Unclassified,battle,HOLD_FOR_SCOPE_DECISION,HOLD,,Raw inventory row; scope not explicitly approved.,data/maps/BattleFrontier_PokemonCenter_1F/scripts.inc,57,BattleFrontier_PokemonCenter_1F_Text_Skitty,GROUP7_SELECTED,,GROUP7_EXPLICIT_FACILITY,Explicit Battle Frontier/Battle Tent facility source or facility-specific shared string,SKITTY: Mya myaaah!$,NEEDS_TRANSLATION,exact current target remains untranslated,SKITTY: Mya myaaah!$,เอเนโค: เมี้ยววว!$,TRANSLATED
dlg_970cc6adf86f6ee3,battle,Unclassified,battle,HOLD_FOR_SCOPE_DECISION,HOLD,,Raw inventory row; scope not explicitly approved.,data/maps/BattleFrontier_Mart/scripts.inc,47,BattleFrontier_Mart_Text_ChaperonGrandson,GROUP7_SELECTED,,GROUP7_EXPLICIT_FACILITY,Explicit Battle Frontier/Battle Tent facility source or facility-specific shared string,"We came here to chaperon our\ngrandson.\pBut since we're here, we thought\nwe should get some souvenirs.$",NEEDS_TRANSLATION,exact current target remains untranslated,"We came here to chaperon our\ngrandson.\pBut since we're here, we thought\nwe should get some souvenirs.$",เรามาที่นี่เพื่อดูแล\nหลานชายของเรา.\pแต่ไหน ๆ ก็มาถึงแล้ว ก็เลยคิดว่า\nน่าจะซื้อของฝากกลับไปสักหน่อย.$,TRANSLATED
dlg_b5cd9d0a9320f159,battle,Unclassified,battle,HOLD_FOR_SCOPE_DECISION,HOLD,,Raw inventory row; scope not explicitly approved.,data/maps/BattleFrontier_Mart/scripts.inc,53,BattleFrontier_Mart_Text_ProteinMakeNiceGift,GROUP7_SELECTED,,GROUP7_EXPLICIT_FACILITY,Explicit Battle Frontier/Battle Tent facility source or facility-specific shared string,"Dear, what do you think of this?\nWouldn't this make a nice gift?\pIt's…PRO…TE…IN?\nIt sounds delicious, doesn't it?$",NEEDS_TRANSLATION,exact current target remains untranslated,"Dear, what do you think of this?\nWouldn't this make a nice gift?\pIt's…PRO…TE…IN?\nIt sounds delicious, doesn't it?$",คุณคะ ดูนี่สิ\nซื้อเป็นของฝากดีไหม?\pเขียนว่า… PRO…TE…IN?\nฟังดูน่าอร่อยจังเลยนะ?$,TRANSLATED
dlg_372f1b5002742fab,battle,Unclassified,battle,HOLD_FOR_SCOPE_DECISION,HOLD,,Raw inventory row; scope not explicitly approved.,data/maps/BattleFrontier_Mart/scripts.inc,59,BattleFrontier_Mart_Text_FacilitiesDontAllowItems,GROUP7_SELECTED,,GROUP7_EXPLICIT_FACILITY,Explicit Battle Frontier/Battle Tent facility source or facility-specific shared string,A lot of the BATTLE FRONTIER's\nfacilities don't allow the use of items\lduring battles.\pThat rule makes things tougher than\nthey already are!$,NEEDS_TRANSLATION,exact current target remains untranslated,A lot of the BATTLE FRONTIER's\nfacilities don't allow the use of items\lduring battles.\pThat rule makes things tougher than\nthey already are!$,สถานที่หลายแห่งในแบทเทิลฟรอนเทียร์\nไม่อนุญาตให้ใช้ไอเทม\lระหว่างการต่อสู้.\pแค่กฎข้อนี้ก็ทำให้การต่อสู้\nยากขึ้นไปอีกแล้ว!$,TRANSLATED
dlg_07246cae14f1c258,battle,Unclassified,battle,HOLD_FOR_SCOPE_DECISION,HOLD,,Raw inventory row; scope not explicitly approved.,data/maps/BattleFrontier_RankingHall/scripts.inc,103,BattleFrontier_RankingHall_Text_ExplainRankingHall,GROUP7_SELECTED,,GROUP7_EXPLICIT_FACILITY,Explicit Battle Frontier/Battle Tent facility source or facility-specific shared string,This is the RANKING HALL.\pThis is where we recognize the immortal\nTRAINERS who left great records in\lBATTLE FRONTIER events.$,NEEDS_TRANSLATION,exact current target remains untranslated,This is the RANKING HALL.\pThis is where we recognize the immortal\nTRAINERS who left great records in\lBATTLE FRONTIER events.$,ที่นี่คือแรงกิงฮอลล์.\pที่นี่จะจารึกชื่อเหล่าเทรนเนอร์\nระดับตำนาน ผู้สร้างสถิติยอดเยี่ยมใน\lการแข่งขันของแบทเทิลฟรอนเทียร์.$,TRANSLATED
dlg_6f7810f5515d65dd,battle,Unclassified,battle,HOLD_FOR_SCOPE_DECISION,HOLD,,Raw inventory row; scope not explicitly approved.,data/maps/BattleFrontier_RankingHall/scripts.inc,109,BattleFrontier_RankingHall_Text_DomePikeFactoryRecords,GROUP7_SELECTED,,GROUP7_EXPLICIT_FACILITY,Explicit Battle Frontier/Battle Tent facility source or facility-specific shared string,"BATTLE DOME, BATTLE PIKE,\nand BATTLE FACTORY Records$",NEEDS_TRANSLATION,exact current target remains untranslated,"BATTLE DOME, BATTLE PIKE,\nand BATTLE FACTORY Records$",สถิติแบทเทิลโดม แบทเทิลไพค์\nและแบทเทิลแฟกทอรี$,TRANSLATED
dlg_682622c6ca4220ad,battle,Unclassified,battle,HOLD_FOR_SCOPE_DECISION,HOLD,,Raw inventory row; scope not explicitly approved.,data/maps/BattleFrontier_RankingHall/scripts.inc,113,BattleFrontier_RankingHall_Text_PalaceArenaPyramidRecords,GROUP7_SELECTED,,GROUP7_EXPLICIT_FACILITY,Explicit Battle Frontier/Battle Tent facility source or facility-specific shared string,"BATTLE PALACE, BATTLE ARENA,\nand BATTLE PYRAMID Records$",NEEDS_TRANSLATION,exact current target remains untranslated,"BATTLE PALACE, BATTLE ARENA,\nand BATTLE PYRAMID Records$",สถิติแบทเทิลพาเลซ แบทเทิลอารีนา\nและแบทเทิลพีระมิด$,TRANSLATED
dlg_9703b65a7b2cd3a5,battle,Unclassified,battle,HOLD_FOR_SCOPE_DECISION,HOLD,,Raw inventory row; scope not explicitly approved.,data/maps/BattleFrontier_RankingHall/scripts.inc,117,BattleFrontier_RankingHall_Text_IsYourNameOnThisList,GROUP7_SELECTED,,GROUP7_EXPLICIT_FACILITY,Explicit Battle Frontier/Battle Tent facility source or facility-specific shared string,"Hi, is your name on this list?$",NEEDS_TRANSLATION,exact current target remains untranslated,"Hi, is your name on this list?$",สวัสดี มีชื่อเธออยู่ในรายชื่อนี้ไหม?$,TRANSLATED
dlg_b6b730af82c7b00c,battle,Unclassified,battle,HOLD_FOR_SCOPE_DECISION,HOLD,,Raw inventory row; scope not explicitly approved.,data/maps/BattleFrontier_RankingHall/scripts.inc,120,BattleFrontier_RankingHall_Text_WowThatsSuper,GROUP7_SELECTED,,GROUP7_EXPLICIT_FACILITY,Explicit Battle Frontier/Battle Tent facility source or facility-specific shared string,"Wow, that's super!\nI'll have to try harder, too!$",NEEDS_TRANSLATION,exact current target remains untranslated,"Wow, that's super!\nI'll have to try harder, too!$",ว้าว สุดยอดเลย!\nฉันเองก็ต้องพยายามให้มากขึ้นแล้ว!$,TRANSLATED
dlg_9697cb94948812af,battle,Unclassified,battle,HOLD_FOR_SCOPE_DECISION,HOLD,,Raw inventory row; scope not explicitly approved.,data/maps/BattleFrontier_RankingHall/scripts.inc,124,BattleFrontier_RankingHall_Text_WorkHarderIfYouSawFriendsName,GROUP7_SELECTED,,GROUP7_EXPLICIT_FACILITY,Explicit Battle Frontier/Battle Tent facility source or facility-specific shared string,"Oh, is that right?\pIf you saw your friend's name up here,\nI bet it would make you work harder!$",NEEDS_TRANSLATION,exact current target remains untranslated,"Oh, is that right?\pIf you saw your friend's name up here,\nI bet it would make you work harder!$",อ้อ อย่างนั้นเองเหรอ?\pถ้าเห็นชื่อเพื่อนอยู่บนนี้\nคงยิ่งทำให้อยากพยายามมากขึ้นแน่!$,TRANSLATED
dlg_91a0dd310d6e24b3,battle,Unclassified,battle,HOLD_FOR_SCOPE_DECISION,HOLD,,Raw inventory row; scope not explicitly approved.,data/maps/BattleFrontier_RankingHall/scripts.inc,129,BattleFrontier_RankingHall_Text_MyNamesNotUpThere,GROUP7_SELECTED,,GROUP7_EXPLICIT_FACILITY,Explicit Battle Frontier/Battle Tent facility source or facility-specific shared string,"Hmm…\nMy name's not up there…\pWell, it's only natural since I haven't\ntaken any challenges yet.$",NEEDS_TRANSLATION,exact current target remains untranslated,"Hmm…\nMy name's not up there…\pWell, it's only natural since I haven't\ntaken any challenges yet.$",อืม…\nไม่มีชื่อฉันอยู่บนนั้นเลย…\pก็ไม่แปลกหรอก เพราะฉันยังไม่เคย\nเข้าท้าประลองสักครั้งเลยนี่นา.$,TRANSLATED
