index,id,raw_category,scope_group,scope_subgroup,policy,scope_status,canonical_tracker,reason,source_file,source_line,source_label,group7_scope_decision,destination_group,corrected_group7_decision,correction_reason,exact_raw,reconcile_decision,reconcile_reason,english_raw,thai,translation_status
0,dlg_26ddfe37e6139e48,battle,Unclassified,battle,HOLD_FOR_SCOPE_DECISION,HOLD,,Raw inventory row; scope not explicitly approved.,data/maps/SlateportCity_BattleTentCorridor/scripts.inc,156,SlateportCity_ContestHall_Text_AdviceForContests,GROUP7_SELECTED,,GROUP7_EXPLICIT_FACILITY,Explicit Battle Frontier/Battle Tent facility source or facility-specific shared string,"Want a tasty little bit of advice\nfor CONTESTS?\pUsing a certain move after another\ncertain kind of move sometimes gets\lyou extra attention.\pIf you know what you're doing,\nyou can score big in appeal.\pOf course, your opponents might try\ndisrupting your POKéMON's showing.$",NEEDS_TRANSLATION,exact current target remains untranslated,"Want a tasty little bit of advice\nfor CONTESTS?\pUsing a certain move after another\ncertain kind of move sometimes gets\lyou extra attention.\pIf you know what you're doing,\nyou can score big in appeal.\pOf course, your opponents might try\ndisrupting your POKéMON's showing.$",อยากได้คำแนะนำดี ๆ\nเรื่องคอนเทสต์ไหม?\pถ้าใช้ท่าบางท่าต่อจาก\nท่าบางประเภท บางครั้งก็จะ\lเรียกความสนใจเพิ่มได้\pถ้ารู้จังหวะดี\nก็ทำคะแนนเสน่ห์ได้สูงเลย\pแน่นอนว่าคู่แข่งอาจพยายาม\nขัดขวางการแสดงของโปเกมอนคุณ$,TRANSLATED
1,dlg_4fdca3fd17569688,battle,Unclassified,battle,HOLD_FOR_SCOPE_DECISION,HOLD,,Raw inventory row; scope not explicitly approved.,data/maps/SlateportCity_BattleTentCorridor/scripts.inc,168,SlateportCity_ContestHall_Text_MyPapaIsContestJudge,GROUP7_SELECTED,,GROUP7_EXPLICIT_FACILITY,Explicit Battle Frontier/Battle Tent facility source or facility-specific shared string,"My papa, he's a CONTEST JUDGE.\pI wonder what I should be when I\ngrow up, a JUDGE or a GYM LEADER?$",NEEDS_TRANSLATION,exact current target remains untranslated,"My papa, he's a CONTEST JUDGE.\pI wonder what I should be when I\ngrow up, a JUDGE or a GYM LEADER?$",พ่อฉันเป็นกรรมการคอนเทสต์\pโตขึ้นฉันจะเป็นอะไรดีนะ\nกรรมการหรือยิมลีดเดอร์?$,TRANSLATED
2,dlg_9693815a4cfc7bee,battle,Unclassified,battle,HOLD_FOR_SCOPE_DECISION,HOLD,,Raw inventory row; scope not explicitly approved.,data/maps/SlateportCity_BattleTentCorridor/scripts.inc,174,SlateportCity_ContestHall_Text_ImLikeMajorlyCheesed,GROUP7_SELECTED,,GROUP7_EXPLICIT_FACILITY,Explicit Battle Frontier/Battle Tent facility source or facility-specific shared string,"Hey, man, I'm like majorly cheesed,\nyou know. Like, you know, I just\lwanted to know why my POKéMON\lnever won, you know, like, hey?\pSo, like, I gave the JUDGE my two\ncents, you know, they're free.\pAnd he wouldn't hear me out, like, hey!\nSo, like, total bummer, man!\pHey, like, you! Zip it, you know?\nJust, you know, take this!$",NEEDS_TRANSLATION,exact current target remains untranslated,"Hey, man, I'm like majorly cheesed,\nyou know. Like, you know, I just\lwanted to know why my POKéMON\lnever won, you know, like, hey?\pSo, like, I gave the JUDGE my two\ncents, you know, they're free.\pAnd he wouldn't hear me out, like, hey!\nSo, like, total bummer, man!\pHey, like, you! Zip it, you know?\nJust, you know, take this!$",เฮ้ ฉันนี่แบบว่าเซ็งสุด ๆ\nรู้ไหม แบบว่า ฉันก็แค่\lอยากรู้ว่าทำไมโปเกมอนของฉัน\lไม่เคยชนะเลย แบบว่า เข้าใจปะ?\pฉันก็เลยไปบอกกรรมการ\nว่าฉันคิดยังไง แบบว่าฟรี ๆ เลยนะ\pแต่เขาไม่ยอมฟังฉันเลย เฮ้!\nแบบว่า เซ็งสุด ๆ เลย!\pเฮ้ เธอน่ะ! เงียบไปเลย รู้ไหม?\nเอ้านี่ รับไปซะ!$,TRANSLATED
3,dlg_7f1674295b79bbd0,battle,Unclassified,battle,HOLD_FOR_SCOPE_DECISION,HOLD,,Raw inventory row; scope not explicitly approved.,data/maps/SlateportCity_BattleTentCorridor/scripts.inc,187,SlateportCity_ContestHall_Text_ExplainTorment,GROUP7_SELECTED,,GROUP7_EXPLICIT_FACILITY,Explicit Battle Frontier/Battle Tent facility source or facility-specific shared string,"That's, like, TM41, you know?\nHey, it's TORMENT, you hearing me?\pLike, it won't let the other guy\nuse the same move twice in a row, see?\pHey, now, you listen here, like,\nI'm not laying a torment on you!$",NEEDS_TRANSLATION,exact current target remains untranslated,"That's, like, TM41, you know?\nHey, it's TORMENT, you hearing me?\pLike, it won't let the other guy\nuse the same move twice in a row, see?\pHey, now, you listen here, like,\nI'm not laying a torment on you!$",นั่นมัน TM41 ไง รู้ไหม?\nเฮ้ มันคือ TORMENT ได้ยินไหม?\pแบบว่า มันจะทำให้อีกฝ่าย\nใช้ท่าเดิมติดกันสองครั้งไม่ได้ เข้าใจไหม?\pเฮ้ ฟังให้ดีนะ แบบว่า\nฉันไม่ได้ใช้ TORMENT ใส่เธอหรอก!$,TRANSLATED
4,dlg_fc7e7246a39637a6,battle,Unclassified,battle,HOLD_FOR_SCOPE_DECISION,HOLD,,Raw inventory row; scope not explicitly approved.,data/maps/SlateportCity_BattleTentCorridor/scripts.inc,196,SlateportCity_ContestHall_Text_MCStepUpTakePartInContest,GROUP7_SELECTED,,GROUP7_EXPLICIT_FACILITY,Explicit Battle Frontier/Battle Tent facility source or facility-specific shared string,"MC: Oh, my, my!\nNow isn't that a dandy of a POKéMON?\pPlease! Do step right up and take\npart in our splendid CONTESTS!\pYou'll do well! I'm sure of it!\nMy eyes have never failed me!$",NEEDS_TRANSLATION,exact current target remains untranslated,"MC: Oh, my, my!\nNow isn't that a dandy of a POKéMON?\pPlease! Do step right up and take\npart in our splendid CONTESTS!\pYou'll do well! I'm sure of it!\nMy eyes have never failed me!$",พิธีกร: โอ้โห!\nโปเกมอนตัวนั้นดูดีไม่เบาเลยนะ?\pเชิญ! ก้าวเข้ามาแล้ว\nร่วมคอนเทสต์สุดวิเศษของเราเลย!\pคุณต้องทำได้ดีแน่! ฉันมั่นใจ!\nสายตาฉันไม่เคยพลาด!$,TRANSLATED
5,dlg_eb1daae0b036bf26,battle,Unclassified,battle,HOLD_FOR_SCOPE_DECISION,HOLD,,Raw inventory row; scope not explicitly approved.,data/maps/SlateportCity_BattleTentCorridor/scripts.inc,205,SlateportCity_ContestHall_Text_JudgeWouldntDoToMissContest,GROUP7_SELECTED,,GROUP7_EXPLICIT_FACILITY,Explicit Battle Frontier/Battle Tent facility source or facility-specific shared string,"JUDGE: Well, hello there!\nI see that you're a TRAINER!\pThen, it just wouldn't do for you\nto miss a POKéMON CONTEST!\pGet a CONTEST PASS in VERDANTURF\nCITY and enter anytime!$",NEEDS_TRANSLATION,exact current target remains untranslated,"JUDGE: Well, hello there!\nI see that you're a TRAINER!\pThen, it just wouldn't do for you\nto miss a POKéMON CONTEST!\pGet a CONTEST PASS in VERDANTURF\nCITY and enter anytime!$",กรรมการ: สวัสดี!\nดูแล้วคุณเป็นเทรนเนอร์สินะ!\pถ้าอย่างนั้น จะพลาด\nโปเกมอนคอนเทสต์ไปได้ยังไง!\pไปรับ CONTEST PASS ที่เมืองชิดาเกะ\nแล้วจะเข้าร่วมเมื่อไรก็ได้!$,TRANSLATED
6,dlg_edda3f5d47400efe,battle,Unclassified,battle,HOLD_FOR_SCOPE_DECISION,HOLD,,Raw inventory row; scope not explicitly approved.,data/maps/SlateportCity_BattleTentCorridor/scripts.inc,214,SlateportCity_ContestHall_Text_ItsAppealTime,GROUP7_SELECTED,,GROUP7_EXPLICIT_FACILITY,Explicit Battle Frontier/Battle Tent facility source or facility-specific shared string,It's appeal time!\nWhat should I lead with?$,NEEDS_TRANSLATION,exact current target remains untranslated,It's appeal time!\nWhat should I lead with?$,ถึงเวลาอวดเสน่ห์แล้ว!\nจะเริ่มด้วยท่าไหนดีนะ?$,TRANSLATED
7,dlg_49b016e1efbbc91a,battle,Unclassified,battle,HOLD_FOR_SCOPE_DECISION,HOLD,,Raw inventory row; scope not explicitly approved.,data/maps/SlateportCity_BattleTentCorridor/scripts.inc,219,SlateportCity_ContestHall_Text_DidntPayAttentionToAppeal,GROUP7_SELECTED,,GROUP7_EXPLICIT_FACILITY,Explicit Battle Frontier/Battle Tent facility source or facility-specific shared string,"They didn't pay much attention to\nmy POKéMON's appeal…\pHumph, that JUDGE, he doesn't know\na good thing when he sees it.$",NEEDS_TRANSLATION,exact current target remains untranslated,"They didn't pay much attention to\nmy POKéMON's appeal…\pHumph, that JUDGE, he doesn't know\na good thing when he sees it.$",พวกเขาแทบไม่สนใจ\nการอวดเสน่ห์ของโปเกมอนฉันเลย…\pฮึ่ม กรรมการคนนั้น\nของดีอยู่ตรงหน้าก็ยังดูไม่ออก$,TRANSLATED
8,dlg_8d7d335daa859608,battle,Unclassified,battle,HOLD_FOR_SCOPE_DECISION,HOLD,,Raw inventory row; scope not explicitly approved.,data/maps/SlateportCity_BattleTentCorridor/scripts.inc,226,SlateportCity_ContestHall_Text_RewardWithSageAdvice,GROUP7_SELECTED,,GROUP7_EXPLICIT_FACILITY,Explicit Battle Frontier/Battle Tent facility source or facility-specific shared string,"Oh, hi! You must be a serious fan to get\nthis close to the action.\pI'll reward your enthusiasm with\nthis sage advice.\pIf a move goes over really well,\nthe audience will get excited.\pThe POKéMON that makes its appeal\nright when everyone's excited…\pWell, you'd think something good has\nto happen!$",NEEDS_TRANSLATION,exact current target remains untranslated,"Oh, hi! You must be a serious fan to get\nthis close to the action.\pI'll reward your enthusiasm with\nthis sage advice.\pIf a move goes over really well,\nthe audience will get excited.\pThe POKéMON that makes its appeal\nright when everyone's excited…\pWell, you'd think something good has\nto happen!$",โอ้ สวัสดี! มาดูใกล้ขนาดนี้\nต้องเป็นแฟนตัวยงแน่ ๆ\pเพื่อเป็นรางวัลให้ความกระตือรือร้น\nฉันจะให้คำแนะนำดี ๆ\pถ้าท่าไหนได้รับเสียงตอบรับดีมาก\nผู้ชมจะยิ่งตื่นเต้น\pโปเกมอนที่อวดเสน่ห์\nตอนที่ทุกคนกำลังตื่นเต้นสุด ๆ…\pอืม ยังไงก็ต้องมีเรื่องดี ๆ\nเกิดขึ้นแน่นอน!$,TRANSLATED
9,dlg_67329c6f4734f4b3,battle,Unclassified,battle,HOLD_FOR_SCOPE_DECISION,HOLD,,Raw inventory row; scope not explicitly approved.,data/maps/SlateportCity_BattleTentCorridor/scripts.inc,239,SlateportCity_ContestHall_Text_MoreFreakedOutThanMon,GROUP7_SELECTED,,GROUP7_EXPLICIT_FACILITY,Explicit Battle Frontier/Battle Tent facility source or facility-specific shared string,I can't do this! I'm more freaked out\nthan my POKéMON.\pI'm shivering and my heart is racing!$,NEEDS_TRANSLATION,exact current target remains untranslated,I can't do this! I'm more freaked out\nthan my POKéMON.\pI'm shivering and my heart is racing!$,ฉันทำไม่ได้! ฉันตื่นเต้น\nยิ่งกว่าโปเกมอนของตัวเองอีก\pทั้งตัวสั่น หัวใจก็เต้นไม่หยุด!$,TRANSLATED
10,dlg_789ad28613c517be,battle,Unclassified,battle,HOLD_FOR_SCOPE_DECISION,HOLD,,Raw inventory row; scope not explicitly approved.,data/maps/SlateportCity_BattleTentCorridor/scripts.inc,245,SlateportCity_ContestHall_Text_BattleAndContestAlike,GROUP7_SELECTED,,GROUP7_EXPLICIT_FACILITY,Explicit Battle Frontier/Battle Tent facility source or facility-specific shared string,"A battle and a CONTEST aren't the\nsame, but they are alike, too.\pYou need to work hard and believe\nin the POKéMON you've raised.$",NEEDS_TRANSLATION,exact current target remains untranslated,"A battle and a CONTEST aren't the\nsame, but they are alike, too.\pYou need to work hard and believe\nin the POKéMON you've raised.$",การต่อสู้กับคอนเทสต์\nไม่เหมือนกัน แต่ก็คล้ายกันด้วย\pต้องพยายามให้เต็มที่และเชื่อมั่น\nในโปเกมอนที่คุณเลี้ยงมา$,TRANSLATED
11,dlg_13730814802d5d1a,battle,Unclassified,battle,HOLD_FOR_SCOPE_DECISION,HOLD,,Raw inventory row; scope not explicitly approved.,data/maps/SlateportCity_BattleTentCorridor/scripts.inc,252,SlateportCity_ContestHall_Text_MonLooksOnTopOfGame,GROUP7_SELECTED,,GROUP7_EXPLICIT_FACILITY,Explicit Battle Frontier/Battle Tent facility source or facility-specific shared string,"That POKéMON looks like it's on top\nof its game, huh?\pA POKéMON that does good in the\nsecondary judging seems to be more\lrelaxed when it's doing appeals.$",NEEDS_TRANSLATION,exact current target remains untranslated,"That POKéMON looks like it's on top\nof its game, huh?\pA POKéMON that does good in the\nsecondary judging seems to be more\lrelaxed when it's doing appeals.$",โปเกมอนตัวนั้นดูพร้อมเต็มที่\nเลยนะ?\pโปเกมอนที่ทำได้ดีใน\nการตัดสินรอบสอง ดูเหมือนจะ\lผ่อนคลายขึ้นตอนอวดเสน่ห์$,TRANSLATED
12,dlg_9326c999701f7fbe,battle,Unclassified,battle,HOLD_FOR_SCOPE_DECISION,HOLD,,Raw inventory row; scope not explicitly approved.,data/maps/SlateportCity_BattleTentCorridor/scripts.inc,260,SlateportCity_ContestHall_Text_MyMonBetterThanThatLot,GROUP7_SELECTED,,GROUP7_EXPLICIT_FACILITY,Explicit Battle Frontier/Battle Tent facility source or facility-specific shared string,"Will you look at that sorry sight?\pHeh, my POKéMON's absolutely better\nthan that lot!$",NEEDS_TRANSLATION,exact current target remains untranslated,"Will you look at that sorry sight?\pHeh, my POKéMON's absolutely better\nthan that lot!$",ดูสภาพน่าเวทนานั่นสิ?\pฮึ โปเกมอนของฉันเก่งกว่า\nพวกนั้นแน่นอน!$,TRANSLATED
13,dlg_e3cc22b435d38f0c,battle,Unclassified,battle,HOLD_FOR_SCOPE_DECISION,HOLD,,Raw inventory row; scope not explicitly approved.,data/maps/SlateportCity_BattleTentCorridor/scripts.inc,266,SlateportCity_ContestHall_Text_GetUrgeToMoveWithMon,GROUP7_SELECTED,,GROUP7_EXPLICIT_FACILITY,Explicit Battle Frontier/Battle Tent facility source or facility-specific shared string,Don't you get the urge to move with\nPOKéMON if they're putting on an\lenergetic appeal?$,NEEDS_TRANSLATION,exact current target remains untranslated,Don't you get the urge to move with\nPOKéMON if they're putting on an\lenergetic appeal?$,เวลาโปเกมอนกำลังอวดเสน่ห์\nอย่างมีพลัง คุณไม่รู้สึกอยาก\lขยับตามพวกมันบ้างเหรอ?$,TRANSLATED
14,dlg_eca5dd4468a0e431,battle,Unclassified,battle,HOLD_FOR_SCOPE_DECISION,HOLD,,Raw inventory row; scope not explicitly approved.,data/maps/SlateportCity_BattleTentCorridor/scripts.inc,272,SlateportCity_ContestHall_Text_HyperRankStage,GROUP7_SELECTED,,GROUP7_EXPLICIT_FACILITY,Explicit Battle Frontier/Battle Tent facility source or facility-specific shared string,POKéMON CONTESTS\nHYPER RANK STAGE!$,NEEDS_TRANSLATION,exact current target remains untranslated,POKéMON CONTESTS\nHYPER RANK STAGE!$,โปเกมอนคอนเทสต์\nเวทีระดับไฮเปอร์!$,TRANSLATED
15,dlg_58903a14ef0cf690,battle,Unclassified,battle,HOLD_FOR_SCOPE_DECISION,HOLD,,Raw inventory row; scope not explicitly approved.,data/maps/SlateportCity_BattleTentLobby/scripts.inc,275,SlateportCity_BattleTentLobby_Text_CouldntFindMonForMe,GROUP7_SELECTED,,GROUP7_EXPLICIT_FACILITY,Explicit Battle Frontier/Battle Tent facility source or facility-specific shared string,"So, like, I couldn't find myself any\nPOKéMON that were, like, for me.\pSo, I figured, like, hey, I should file\na complaint to the guy there?\pAnd he wouldn't hear me out, like, hey!\nSo, like, total bummer, man!\pHey, like, you! Zip it, you know?\nJust, you know, take this!$",NEEDS_TRANSLATION,exact current target remains untranslated,"So, like, I couldn't find myself any\nPOKéMON that were, like, for me.\pSo, I figured, like, hey, I should file\na complaint to the guy there?\pAnd he wouldn't hear me out, like, hey!\nSo, like, total bummer, man!\pHey, like, you! Zip it, you know?\nJust, you know, take this!$",แบบว่า ฉันหาโปเกมอนที่\nเข้ากับฉันไม่ได้เลย\pก็เลยคิดว่า แบบว่า เฮ้ ฉันควร\nไปบ่นกับคนตรงนั้นดีไหม?\pแต่เขาไม่ยอมฟังฉันเลย เฮ้!\nแบบว่า เซ็งสุด ๆ เลย!\pเฮ้ เธอน่ะ! เงียบไปเลย รู้ไหม?\nเอ้านี่ รับไปซะ!$,TRANSLATED
16,dlg_d39144aff146d440,battle,Unclassified,battle,HOLD_FOR_SCOPE_DECISION,HOLD,,Raw inventory row; scope not explicitly approved.,data/maps/SlateportCity_BattleTentLobby/scripts.inc,285,SlateportCity_BattleTentLobby_Text_ExplainTorment,GROUP7_SELECTED,,GROUP7_EXPLICIT_FACILITY,Explicit Battle Frontier/Battle Tent facility source or facility-specific shared string,"That's, like, TM41, you know?\nHey, it's TORMENT, you hearing me?\pLike, it won't let the other guy\nuse the same move twice in a row, see?\pHey, now, you listen here, like,\nI'm not laying a torment on you!$",NEEDS_TRANSLATION,exact current target remains untranslated,"That's, like, TM41, you know?\nHey, it's TORMENT, you hearing me?\pLike, it won't let the other guy\nuse the same move twice in a row, see?\pHey, now, you listen here, like,\nI'm not laying a torment on you!$",นั่นมัน TM41 ไง รู้ไหม?\nเฮ้ มันคือ TORMENT ได้ยินไหม?\pแบบว่า มันจะทำให้อีกฝ่าย\nใช้ท่าเดิมติดกันสองครั้งไม่ได้ เข้าใจไหม?\pเฮ้ ฟังให้ดีนะ แบบว่า\nฉันไม่ได้ใช้ TORMENT ใส่เธอหรอก!$,TRANSLATED
17,dlg_2df8fac65f5d4650,battle,Unclassified,battle,HOLD_FOR_SCOPE_DECISION,HOLD,,Raw inventory row; scope not explicitly approved.,data/maps/SlateportCity_BattleTentLobby/scripts.inc,293,SlateportCity_BattleTentLobby_Text_IllTryUsingBugMons,GROUP7_SELECTED,,GROUP7_EXPLICIT_FACILITY,Explicit Battle Frontier/Battle Tent facility source or facility-specific shared string,"I don't really like BUG POKéMON,\nbut maybe I'll try using some for\la change of pace.\pWho knows, I might even get to like\nthem!$",NEEDS_TRANSLATION,exact current target remains untranslated,"I don't really like BUG POKéMON,\nbut maybe I'll try using some for\la change of pace.\pWho knows, I might even get to like\nthem!$",ฉันไม่ค่อยชอบโปเกมอนประเภทแมลง\nแต่บางทีลองใช้ดูบ้างเพื่อ\lเปลี่ยนบรรยากาศก็คงดี\pใครจะรู้ ฉันอาจชอบพวกมัน\nขึ้นมาก็ได้!$,TRANSLATED
18,dlg_07888b7c883900fc,battle,Unclassified,battle,HOLD_FOR_SCOPE_DECISION,HOLD,,Raw inventory row; scope not explicitly approved.,data/maps/SlateportCity_BattleTentLobby/scripts.inc,300,SlateportCity_BattleTentLobby_Text_BattleEvenWithoutToughMons,GROUP7_SELECTED,,GROUP7_EXPLICIT_FACILITY,Explicit Battle Frontier/Battle Tent facility source or facility-specific shared string,You can battle all you want here even\nif you don't have any tough POKéMON.$,NEEDS_TRANSLATION,exact current target remains untranslated,You can battle all you want here even\nif you don't have any tough POKéMON.$,ที่นี่คุณจะสู้ได้เต็มที่เลย\nถึงไม่มีโปเกมอนเก่ง ๆ ก็เถอะ$,TRANSLATED
19,dlg_cd113c1ad7bcb7d3,battle,Unclassified,battle,HOLD_FOR_SCOPE_DECISION,HOLD,,Raw inventory row; scope not explicitly approved.,data/maps/SlateportCity_BattleTentLobby/scripts.inc,304,SlateportCity_BattleTentLobby_Text_NiceIfMoreSelection,GROUP7_SELECTED,,GROUP7_EXPLICIT_FACILITY,Explicit Battle Frontier/Battle Tent facility source or facility-specific shared string,Wouldn't it be nice if they had more of\na selection?$,NEEDS_TRANSLATION,exact current target remains untranslated,Wouldn't it be nice if they had more of\na selection?$,ถ้ามีตัวเลือกให้มากกว่านี้\nก็คงดีนะ?$,TRANSLATED
20,dlg_4f3d26f4bbd721fb,battle,Unclassified,battle,HOLD_FOR_SCOPE_DECISION,HOLD,,Raw inventory row; scope not explicitly approved.,data/maps/VerdanturfTown_BattleTentLobby/scripts.inc,326,VerdanturfTown_BattleTentLobby_Text_MonsReluctantToUseDislikedMoves,GROUP7_SELECTED,,GROUP7_EXPLICIT_FACILITY,Explicit Battle Frontier/Battle Tent facility source or facility-specific shared string,"If it doesn't like a certain move,\na POKéMON will be reluctant to use it.\pIt doesn't matter how strong it is,\neither.\pFor example, a POKéMON with a GENTLE\nnature probably won't enjoy hurting\lits opponents.\pIf it can't seem to live up to its\npotential, it's probably failing at\lusing a disliked move against its will.$",NEEDS_TRANSLATION,exact current target remains untranslated,"If it doesn't like a certain move,\na POKéMON will be reluctant to use it.\pIt doesn't matter how strong it is,\neither.\pFor example, a POKéMON with a GENTLE\nnature probably won't enjoy hurting\lits opponents.\pIf it can't seem to live up to its\npotential, it's probably failing at\lusing a disliked move against its will.$",ถ้าโปเกมอนไม่ชอบท่าบางท่า\nมันก็จะไม่ค่อยอยากใช้ท่านั้น\pต่อให้ท่านั้นแข็งแกร่งแค่ไหน\nก็ไม่เกี่ยว\pตัวอย่างเช่น โปเกมอนที่มีนิสัย GENTLE\nก็คงไม่ชอบทำร้าย\lคู่ต่อสู้เท่าไร\pถ้ามันดูเหมือนแสดงพลังได้\nไม่เต็มที่ ก็คงเป็นเพราะ\lถูกฝืนให้ใช้ท่าที่ไม่ชอบ$,TRANSLATED
21,dlg_eec83c832f873dbb,battle,Unclassified,battle,HOLD_FOR_SCOPE_DECISION,HOLD,,Raw inventory row; scope not explicitly approved.,data/maps/VerdanturfTown_BattleTentLobby/scripts.inc,338,VerdanturfTown_BattleTentLobby_Text_GentleMonsScaryIfAngry,GROUP7_SELECTED,,GROUP7_EXPLICIT_FACILITY,Explicit Battle Frontier/Battle Tent facility source or facility-specific shared string,"My big sister is gentle usually.\nBut when she gets angry,\lshe's really, really scary!\pI bet a gentle POKéMON will be scary\nif it gets angry!$",NEEDS_TRANSLATION,exact current target remains untranslated,"My big sister is gentle usually.\nBut when she gets angry,\lshe's really, really scary!\pI bet a gentle POKéMON will be scary\nif it gets angry!$",พี่สาวฉันปกติใจดีนะ\nแต่เวลาโกรธขึ้นมา\lน่ากลัวสุด ๆ เลย!\pฉันว่าโปเกมอนที่อ่อนโยน\nถ้าโกรธก็คงน่ากลัวเหมือนกัน!$,TRANSLATED
22,dlg_5df372067704bf10,battle,Unclassified,battle,HOLD_FOR_SCOPE_DECISION,HOLD,,Raw inventory row; scope not explicitly approved.,data/maps/VerdanturfTown_BattleTentLobby/scripts.inc,345,VerdanturfTown_BattleTentLobby_Text_AttractionRunsDeep,GROUP7_SELECTED,,GROUP7_EXPLICIT_FACILITY,Explicit Battle Frontier/Battle Tent facility source or facility-specific shared string,"My feelings toward my POKéMON…\nThe attraction runs deep…\pOh, hi, you didn't see that, did you?\nWell, it doesn't matter.\pHow would you like this TM for\nyour POKéMON?$",NEEDS_TRANSLATION,exact current target remains untranslated,"My feelings toward my POKéMON…\nThe attraction runs deep…\pOh, hi, you didn't see that, did you?\nWell, it doesn't matter.\pHow would you like this TM for\nyour POKéMON?$",ความรู้สึกที่ฉันมีต่อโปเกมอน…\nความผูกพันมันลึกซึ้งจริง ๆ…\pอ๊ะ สวัสดี ไม่ได้เห็นเมื่อกี้ใช่ไหม?\nช่างเถอะ ไม่เป็นไร\pอยากได้ TM นี้ไปให้\nโปเกมอนของคุณไหม?$,TRANSLATED
23,dlg_b0188e20cefe8208,battle,Unclassified,battle,HOLD_FOR_SCOPE_DECISION,HOLD,,Raw inventory row; scope not explicitly approved.,data/maps/VerdanturfTown_BattleTentLobby/scripts.inc,353,VerdanturfTown_BattleTentLobby_Text_AttractionMutual,GROUP7_SELECTED,,GROUP7_EXPLICIT_FACILITY,Explicit Battle Frontier/Battle Tent facility source or facility-specific shared string,My feelings toward my POKéMON…\nI'm sure the attraction is mutual!\pThey battle exactly the way I want\nthem to!$,NEEDS_TRANSLATION,exact current target remains untranslated,My feelings toward my POKéMON…\nI'm sure the attraction is mutual!\pThey battle exactly the way I want\nthem to!$,ความรู้สึกที่ฉันมีต่อโปเกมอน…\nฉันมั่นใจว่าเรารู้สึกตรงกัน!\pพวกมันต่อสู้ได้ตรงตามที่ฉัน\nต้องการทุกอย่าง!$,TRANSLATED
24,dlg_393efedd9539a5df,battle,Unclassified,battle,HOLD_FOR_SCOPE_DECISION,HOLD,,Raw inventory row; scope not explicitly approved.,data/maps/VerdanturfTown_BattleTentLobby/scripts.inc,359,VerdanturfTown_BattleTentLobby_Text_TaughtWhatKindsOfMoves,GROUP7_SELECTED,,GROUP7_EXPLICIT_FACILITY,Explicit Battle Frontier/Battle Tent facility source or facility-specific shared string,What kind of moves have you taught\nyour POKéMON?\pI think you would give yourself\nan advantage if they knew how to\lheal or protect themselves.$,NEEDS_TRANSLATION,exact current target remains untranslated,What kind of moves have you taught\nyour POKéMON?\pI think you would give yourself\nan advantage if they knew how to\lheal or protect themselves.$,คุณสอนท่าแบบไหนให้\nโปเกมอนของคุณบ้าง?\pฉันว่าถ้าพวกมันรู้ท่าที่ช่วย\nฟื้นฟูหรือป้องกันตัวเอง\lก็น่าจะได้เปรียบนะ$,TRANSLATED
25,dlg_e948431fa9cbd132,battle,Unclassified,battle,HOLD_FOR_SCOPE_DECISION,HOLD,,Raw inventory row; scope not explicitly approved.,data/maps/VerdanturfTown_BattleTentLobby/scripts.inc,369,VerdanturfTown_BattleTentLobby_Text_ScottVisitRegularly,GROUP7_SELECTED,,GROUP7_EXPLICIT_FACILITY,Explicit Battle Frontier/Battle Tent facility source or facility-specific shared string,SCOTT: I visit here regularly in hopes\nof seeing tough TRAINERS in action\lin whatever the situation.$,NEEDS_TRANSLATION,exact current target remains untranslated,SCOTT: I visit here regularly in hopes\nof seeing tough TRAINERS in action\lin whatever the situation.$,เอนิชิดะ: ฉันแวะมาที่นี่เป็นประจำ\nหวังว่าจะได้เห็นเทรนเนอร์เก่ง ๆ ลงมือ\lต่อสู้ไม่ว่าจะเจอสถานการณ์แบบไหน$,TRANSLATED
26,dlg_1bb19598f067c9e7,battle,Unclassified,battle,HOLD_FOR_SCOPE_DECISION,HOLD,,Raw inventory row; scope not explicitly approved.,data/maps/VerdanturfTown_BattleTentCorridor/scripts.inc,45,VerdanturfTown_ContestHall_Text_WhichContestYouEntering,GROUP7_SELECTED,,GROUP7_EXPLICIT_FACILITY,Explicit Battle Frontier/Battle Tent facility source or facility-specific shared string,"Which CONTEST are you entering?\nWant a piece of advice?\pIn any CONTEST, for example, a CUTE\nCONTEST, I don't think they judge you\lonly on cuteness in the first round.\pYou need to work out ways for raising\nPOKéMON better.$",NEEDS_TRANSLATION,exact current target remains untranslated,"Which CONTEST are you entering?\nWant a piece of advice?\pIn any CONTEST, for example, a CUTE\nCONTEST, I don't think they judge you\lonly on cuteness in the first round.\pYou need to work out ways for raising\nPOKéMON better.$",คุณจะลงคอนเทสต์ไหน?\nอยากได้คำแนะนำไหม?\pไม่ว่าจะเป็นคอนเทสต์ไหน เช่น\nคอนเทสต์ความน่ารัก ฉันว่าเขาไม่ได้\lตัดสินกันแค่ความน่ารักในรอบแรก\pต้องคิดหาวิธีเลี้ยงโปเกมอน\nให้ดียิ่งขึ้นด้วย$,TRANSLATED
27,dlg_d5dcd6d34dd5d0d6,battle,Unclassified,battle,HOLD_FOR_SCOPE_DECISION,HOLD,,Raw inventory row; scope not explicitly approved.,data/maps/VerdanturfTown_BattleTentCorridor/scripts.inc,55,VerdanturfTown_ContestHall_Text_RaisedMonToBeCute,GROUP7_SELECTED,,GROUP7_EXPLICIT_FACILITY,Explicit Battle Frontier/Battle Tent facility source or facility-specific shared string,I raised my POKéMON to be cute.\pI found out you can put POKéMON in\na CONTEST for cuteness!\pI'm so glad I raised my POKéMON with\nloving care…$,NEEDS_TRANSLATION,exact current target remains untranslated,I raised my POKéMON to be cute.\pI found out you can put POKéMON in\na CONTEST for cuteness!\pI'm so glad I raised my POKéMON with\nloving care…$,ฉันเลี้ยงโปเกมอนของฉันให้น่ารักมาตลอด\pเพิ่งรู้ว่าเอาโปเกมอน\nลงคอนเทสต์ความน่ารักได้!\pดีใจจังที่เลี้ยงโปเกมอนของฉัน\nด้วยความรักมาตลอด…$,TRANSLATED
28,dlg_8baa6fddb6d732b8,battle,Unclassified,battle,HOLD_FOR_SCOPE_DECISION,HOLD,,Raw inventory row; scope not explicitly approved.,data/maps/VerdanturfTown_BattleTentCorridor/scripts.inc,63,VerdanturfTown_ContestHall_Text_MyMonRules,GROUP7_SELECTED,,GROUP7_EXPLICIT_FACILITY,Explicit Battle Frontier/Battle Tent facility source or facility-specific shared string,"My POKéMON rules!\pIt's cool, tough yet beautiful, cute,\nand smart. It's complete!\pI may as well go for wins in every\nsingle CONTEST.$",NEEDS_TRANSLATION,exact current target remains untranslated,"My POKéMON rules!\pIt's cool, tough yet beautiful, cute,\nand smart. It's complete!\pI may as well go for wins in every\nsingle CONTEST.$",โปเกมอนของฉันสุดยอด!\pทั้งเท่ แกร่ง สวย น่ารัก\nแถมฉลาด ครบทุกด้านเลย!\pแบบนี้ก็ไปคว้าชัยใน\nทุกคอนเทสต์เลยดีกว่า$,TRANSLATED
29,dlg_cf137127e88902e6,battle,Unclassified,battle,HOLD_FOR_SCOPE_DECISION,HOLD,,Raw inventory row; scope not explicitly approved.,data/maps/VerdanturfTown_BattleTentCorridor/scripts.inc,71,VerdanturfTown_ContestHall_Text_NormalRankStage,GROUP7_SELECTED,,GROUP7_EXPLICIT_FACILITY,Explicit Battle Frontier/Battle Tent facility source or facility-specific shared string,POKéMON CONTESTS\nNORMAL RANK STAGE!$,NEEDS_TRANSLATION,exact current target remains untranslated,POKéMON CONTESTS\nNORMAL RANK STAGE!$,โปเกมอนคอนเทสต์\nเวทีระดับนอร์มอล!$,TRANSLATED
30,dlg_92bcc3a255792432,battle,Unclassified,battle,HOLD_FOR_SCOPE_DECISION,HOLD,,Raw inventory row; scope not explicitly approved.,data/maps/FallarborTown_BattleTentLobby/scripts.inc,302,FallarborTown_BattleTentLobby_Text_MakeThinkImJustKid,GROUP7_SELECTED,,GROUP7_EXPLICIT_FACILITY,Explicit Battle Frontier/Battle Tent facility source or facility-specific shared string,"Fufufufufu.\pI'm going to make everyone think\nI'm just a kid and let them play down.\pThen, I'll shock them and grab\nthe title!$",NEEDS_TRANSLATION,exact current target remains untranslated,"Fufufufufu.\pI'm going to make everyone think\nI'm just a kid and let them play down.\pThen, I'll shock them and grab\nthe title!$",ฟุฟุฟุฟุฟุ\pฉันจะทำให้ทุกคนคิดว่า\nฉันเป็นแค่เด็ก แล้วให้พวกเขาประมาท\pจากนั้นจะทำให้ตกใจ แล้วคว้า\nตำแหน่งแชมป์มาให้ได้!$,TRANSLATED
31,dlg_7da6386a8de752e4,battle,Unclassified,battle,HOLD_FOR_SCOPE_DECISION,HOLD,,Raw inventory row; scope not explicitly approved.,data/maps/FallarborTown_BattleTentLobby/scripts.inc,309,FallarborTown_BattleTentLobby_Text_FallarborTentMyFavorite,GROUP7_SELECTED,,GROUP7_EXPLICIT_FACILITY,Explicit Battle Frontier/Battle Tent facility source or facility-specific shared string,You know how BATTLE TENTS offer\ndifferent events in different towns?\pMy favorite is definitely the BATTLE\nTENT in FALLARBOR TOWN.\pI think it's fantastic how TRAINERS\ntry to win with all their faith in\ltheir POKéMON.$,NEEDS_TRANSLATION,exact current target remains untranslated,You know how BATTLE TENTS offer\ndifferent events in different towns?\pMy favorite is definitely the BATTLE\nTENT in FALLARBOR TOWN.\pI think it's fantastic how TRAINERS\ntry to win with all their faith in\ltheir POKéMON.$,รู้ไหมว่าแบทเทิลเทนต์ในแต่ละเมือง\nจัดกิจกรรมไม่เหมือนกัน?\pที่ฉันชอบที่สุดคือแบทเทิลเทนต์\nที่เมืองฮาจิสึเกะ\pฉันว่ามันวิเศษมากที่เทรนเนอร์\nพยายามคว้าชัยด้วยความเชื่อมั่น\lในโปเกมอนของตัวเอง$,TRANSLATED
32,dlg_784f3fb48bc8f036,battle,Unclassified,battle,HOLD_FOR_SCOPE_DECISION,HOLD,,Raw inventory row; scope not explicitly approved.,data/maps/FallarborTown_BattleTentLobby/scripts.inc,318,FallarborTown_BattleTentLobby_Text_CameToCampOut,GROUP7_SELECTED,,GROUP7_EXPLICIT_FACILITY,Explicit Battle Frontier/Battle Tent facility source or facility-specific shared string,"I heard something about some tent,\nso I came to camp out.\pI didn't know that tents these days\nare so luxurious!\pSince I'm here, I may as well try\nmy hand at battling!$",NEEDS_TRANSLATION,exact current target remains untranslated,"I heard something about some tent,\nso I came to camp out.\pI didn't know that tents these days\nare so luxurious!\pSince I'm here, I may as well try\nmy hand at battling!$",ได้ยินว่ามีเต็นท์อะไรสักอย่าง\nเลยมาที่นี่เพื่อกางเต็นท์\pไม่คิดเลยว่าเต็นท์สมัยนี้\nจะหรูหราขนาดนี้!\pในเมื่อมาแล้ว ก็ลอง\nต่อสู้ดูสักหน่อยดีกว่า!$,TRANSLATED
33,dlg_ac88bb45f774f2fd,battle,Unclassified,battle,HOLD_FOR_SCOPE_DECISION,HOLD,,Raw inventory row; scope not explicitly approved.,data/maps/FallarborTown_BattleTentLobby/scripts.inc,326,FallarborTown_BattleTentLobby_Text_ScottLookingForSomeone,GROUP7_SELECTED,,GROUP7_EXPLICIT_FACILITY,Explicit Battle Frontier/Battle Tent facility source or facility-specific shared string,"SCOTT: Hi, {PLAYER}{KUN}!\nSo you came out to this BATTLE TENT!\pThe people in these parts tend to be\neasygoing and laid-back.\pBut, you see, what I'm looking for are\npeople with…\pHow should I say this?\pSomeone bursting with the desire\nand the drive to win.\pIf there were a TRAINER like that,\nI'd immediately…\pWhoops! Never mind!\nKeep working at it!$",NEEDS_TRANSLATION,exact current target remains untranslated,"SCOTT: Hi, {PLAYER}{KUN}!\nSo you came out to this BATTLE TENT!\pThe people in these parts tend to be\neasygoing and laid-back.\pBut, you see, what I'm looking for are\npeople with…\pHow should I say this?\pSomeone bursting with the desire\nand the drive to win.\pIf there were a TRAINER like that,\nI'd immediately…\pWhoops! Never mind!\nKeep working at it!$",เอนิชิดะ: สวัสดี {PLAYER}{KUN}!\nเธอก็มาที่แบทเทิลเทนต์นี่สินะ!\pคนแถวนี้ส่วนใหญ่\nสบาย ๆ ไม่รีบร้อน\pแต่คนที่ฉันกำลังมองหา\nคือคนที่มี…\pจะพูดยังไงดีนะ?\pคนที่เต็มไปด้วยความมุ่งมั่น\nและแรงผลักดันที่จะชนะ\pถ้ามีเทรนเนอร์แบบนั้น\nฉันจะรีบ…\pอุ๊บ! ไม่มีอะไร!\nพยายามต่อไปนะ!$,TRANSLATED
34,dlg_f576c1bd0b93eb34,battle,Unclassified,battle,HOLD_FOR_SCOPE_DECISION,HOLD,,Raw inventory row; scope not explicitly approved.,data/maps/FallarborTown_BattleTentLobby/scripts.inc,341,FallarborTown_BattleTentLobby_Text_ScottMakeChallenge,GROUP7_SELECTED,,GROUP7_EXPLICIT_FACILITY,Explicit Battle Frontier/Battle Tent facility source or facility-specific shared string,"SCOTT: Instead of wasting your\ntime with the likes of me, why not\lmake a challenge?$",NEEDS_TRANSLATION,exact current target remains untranslated,"SCOTT: Instead of wasting your\ntime with the likes of me, why not\lmake a challenge?$",เอนิชิดะ: แทนที่จะเสียเวลา\nอยู่กับคนอย่างฉัน ทำไมไม่\lลองไปท้าประลองดูล่ะ?$,TRANSLATED
35,dlg_90772519cad92cc2,battle,Unclassified,battle,HOLD_FOR_SCOPE_DECISION,HOLD,,Raw inventory row; scope not explicitly approved.,data/maps/FallarborTown_BattleTentCorridor/scripts.inc,44,FallarborTown_ContestHall_Text_DoAllRightInPreliminary,GROUP7_SELECTED,,GROUP7_EXPLICIT_FACILITY,Explicit Battle Frontier/Battle Tent facility source or facility-specific shared string,"We do all right in the preliminary round,\nbut we can never win the appeals…\pMaybe it means I have to watch what\nother contestants are doing…$",NEEDS_TRANSLATION,exact current target remains untranslated,"We do all right in the preliminary round,\nbut we can never win the appeals…\pMaybe it means I have to watch what\nother contestants are doing…$",รอบคัดเลือกเราทำได้ไม่เลว\nแต่ช่วงอวดเสน่ห์ไม่เคยชนะเลย…\pหรือว่าฉันต้องคอยดูว่า\nผู้เข้าแข่งขันคนอื่นทำอะไรกันนะ…$,TRANSLATED
36,dlg_a524fa184c2c43e3,battle,Unclassified,battle,HOLD_FOR_SCOPE_DECISION,HOLD,,Raw inventory row; scope not explicitly approved.,data/maps/FallarborTown_BattleTentCorridor/scripts.inc,51,FallarborTown_ContestHall_Text_MonAllTheseRibbons,GROUP7_SELECTED,,GROUP7_EXPLICIT_FACILITY,Explicit Battle Frontier/Battle Tent facility source or facility-specific shared string,See!\nMy POKéMON won all these RIBBONS!\pHave your POKéMON earned any RIBBONS?\nYou can check them on your POKéNAV.$,NEEDS_TRANSLATION,exact current target remains untranslated,See!\nMy POKéMON won all these RIBBONS!\pHave your POKéMON earned any RIBBONS?\nYou can check them on your POKéNAV.$,ดูสิ!\nโปเกมอนของฉันชนะริบบอนมาทั้งหมดนี่!\pโปเกมอนของคุณได้ริบบอนบ้างไหม?\nตรวจดูได้ในโปเกนาวีนะ$,TRANSLATED
37,dlg_c9e9ced4a342cae4,battle,Unclassified,battle,HOLD_FOR_SCOPE_DECISION,HOLD,,Raw inventory row; scope not explicitly approved.,data/maps/FallarborTown_BattleTentCorridor/scripts.inc,58,FallarborTown_ContestHall_Text_CantWinEverywhere,GROUP7_SELECTED,,GROUP7_EXPLICIT_FACILITY,Explicit Battle Frontier/Battle Tent facility source or facility-specific shared string,"I can't beat GYM LEADERS…\pI can't win any CONTESTS…\pI've been here, there, and everywhere,\nand it's all for naught…$",NEEDS_TRANSLATION,exact current target remains untranslated,"I can't beat GYM LEADERS…\pI can't win any CONTESTS…\pI've been here, there, and everywhere,\nand it's all for naught…$",ฉันเอาชนะยิมลีดเดอร์ไม่ได้…\pคอนเทสต์ก็ไม่เคยชนะ…\pไปมาทั่วทุกแห่งแล้ว\nแต่ทุกอย่างก็สูญเปล่า…$,TRANSLATED
38,dlg_8aa0714eb20c29e9,battle,Unclassified,battle,HOLD_FOR_SCOPE_DECISION,HOLD,,Raw inventory row; scope not explicitly approved.,data/maps/FallarborTown_BattleTentCorridor/scripts.inc,65,FallarborTown_ContestHall_Text_SuperRankStage,GROUP7_SELECTED,,GROUP7_EXPLICIT_FACILITY,Explicit Battle Frontier/Battle Tent facility source or facility-specific shared string,POKéMON CONTESTS\nSUPER RANK STAGE!$,NEEDS_TRANSLATION,exact current target remains untranslated,POKéMON CONTESTS\nSUPER RANK STAGE!$,โปเกมอนคอนเทสต์\nเวทีระดับซูเปอร์!$,TRANSLATED
