scope_group,scope_subgroup,policy,required_total,done,pending,excluded_or_na,status,canonical_tracker,note
Moves,Move Names,PRESERVE_EXISTING,,,0,,POLICY_LOCKED,,Do not translate move names.
Moves,Move Descriptions,TRANSLATE_REQUIRED,344,344,0,0,DONE,move description dedicated tracker,User-required actionable scope complete 344/344.
Items,Item Names,PRESERVE_EXISTING,,,0,,POLICY_LOCKED,,Do not translate item names.
Items,Item Descriptions,TRANSLATE_REQUIRED,309,309,0,0,DONE,item description dedicated tracker,User-required actionable scope complete 309/309.
Contest,Contest Move Names,PRESERVE_EXISTING,,,0,,POLICY_LOCKED,,Do not translate contest move names.
Contest,Contest Move/Effect Descriptions,TRANSLATE_REQUIRED,48,48,0,0,DONE,data/text/contest_strings.inc,Dedicated contest effect-description block is exactly 48 entries; Phase E translated all 48.
Pokémon,Species Names,COVERED_BY_DEDICATED_TRACKER,386,386,0,0,DONE,reference/species_names_cross_reference.csv,Japanese-based Thai canonical names; battle and party/list runtime display PASS.
Story,Main Story,TRANSLATE_REQUIRED,191,191,0,0,DONE,Phase B/C/D + Phase F,Main Story required scope.
Trainer,Spoken Trainer Dialogue,TRANSLATE_REQUIRED,1633,1633,0,0,DONE,Phase F Trainer Waves,"Trainer intended translation scope closed 1633/1633. Non-required raw Trainer rows: PRESERVE_EXISTING 1446, HOLD_FOR_SCOPE_DECISION 203, COVERED_BY_DEDICATED_TRACKER 1."
Core UI,Player-facing Core UI,COVERED_BY_DEDICATED_TRACKER,504 actionable,504,0,63 N/A + 7 story-covered,DONE,inventory/ui_text_strings.csv,"574 tracker rows fully accounted for: 504 proof_passed, 63 not_applicable, 7 deferred_story covered by closed Birch/Main Story runtime workflow."
Battle/System,Normal Player-facing Messages,COVERED_BY_DEDICATED_TRACKER,434 actionable,434,0,2 intentional non-actionable,DONE,inventory/system_message_strings.csv,Phase 6 normal/structural workflow closed; raw system/battle buckets must not retranslate these.
Optional NPC,Optional NPC Dialogue,TRANSLATE_REQUIRED,1820,1820,0,171 covered,DONE,Phase F Waves 08-09,Optional NPC required translation scope complete: Wave 08 closed 1005 rows and Wave 09 closed 815 rows; 171 additional raw optional_npc rows were already covered by dedicated earlier workflows.
Match Call,Match Call Dialogue / UI,TRANSLATE_REQUIRED,671,671,0,4 covered + 1 not applicable,DONE,Phase F Wave 10,"Match Call scope fully accounted: 671 player-facing rows translated in Phase F Wave 10, 4 rows already covered by dedicated earlier trackers, and 1 nonlinguistic ellipsis/control row marked NOT_APPLICABLE."
PC / Decoration UI,Decoration Management,TRANSLATE_REQUIRED,32,32,0,2 not applicable,DONE,Phase F Wave 11,PC / Decoration UI complete: 32 player-facing strings translated and runtime-validated; 2 rows NOT_APPLICABLE (formatting control + unused source).
Pokédex Core Content,Category + Description,TRANSLATE_REQUIRED,774,774,0,0,DONE,Phase F Wave 12,Pokédex core complete: 387 category names + 387 descriptions translated and runtime validated. Species-name runtime coverage remains OPTIONAL/DEFERRED.
Pokédex Rating,Professor Birch Pokédex evaluation,TRANSLATE_REQUIRED,23,23,0,0,DONE,Phase F Wave 13,"Pokédex Rating complete; 23/23 translated, precomposed, built, and runtime validated."
Shared UI/System Strings,src/strings.c,TRANSLATE_REQUIRED,28,28,0,0,DONE,Phase F Wave 14,"src/strings.c shared UI/system complete; 28/28 translated, precomposed, built, and runtime validated."
Birch Lab Menu/UI,National Pokédex upgrade message,TRANSLATE_REQUIRED,1,1,0,2,DONE,Phase F Wave 16,Birch Lab Wave 16 complete: 1 National Pokédex message translated and runtime validated; 2 existing FC19 Thai rows preserved as covered.
Devon Corp 2F Menu/Dialogue,Pokenav dialogue,TRANSLATE_REQUIRED,3,3,0,0,DONE,Phase F Wave 17,"Devon Corp 2F complete; 3/3 translated, injected, precomposed and built. Runtime QA optional/waived for standard dialogue with no observed failure."
Mauville Man,Pokédex reader dialogue,TRANSLATE_REQUIRED,3,3,0,0,DONE,Phase F Wave 18,"Mauville Man complete; 3/3 translated, injected, precomposed and built. Runtime QA optional/waived for standard dialogue."
Rival House 2F Menu/Dialogue,Rival Pokédex dialogue,TRANSLATE_REQUIRED,2,2,0,0,DONE,Phase F Wave 19,"Rival House 2F Wave 19 complete: 2/2 translated, injected, precomposed and built. Runtime QA optional/waived for standard dialogue with no observed failure."
Route 104 Rival Dialogue,Rival Pokédex dialogue,TRANSLATE_REQUIRED,2,2,0,0,DONE,Phase F Wave 20,"Route 104 Rival Dialogue Wave 20 complete: 2/2 translated, injected, precomposed and built. Runtime QA optional/waived for standard dialogue with no observed failure."
Route 105 Dad PokéNav,Dad PokéNav call and registration,TRANSLATE_REQUIRED,2,2,0,0,DONE,Phase F Wave 21,"Route 105 Dad PokéNav Wave 21 complete: 2/2 translated, injected, precomposed and built. Runtime QA optional/waived for source-string dialogue with no observed failure."
Bulk-safe Menu Dialogue,Pokédex / PokéNav player-facing text,TRANSLATE_REQUIRED,7,7,0,,DONE,Phase F Wave 22,"Phase F Wave 22 bulk-safe Menu dialogue: 7/7 translated and closed. Source-line sync PASS; Injection Dry-run PASS; Injection Apply PASS; 36/36 physical strings preserved; Source Precompose PASS; Production Build PASS (EWRAM 250468 B / 95.55%, IWRAM 31468 B / 96.03%, ROM 15303838 B / 45.61%). Runtime OPTIONAL / WAIVED. Canonical WALLY name: มิตสึรุ."
Special/UI Menu Text,Match Call / Cycling / PokéNav / Trick House,TRANSLATE_REQUIRED,4,4,0,0,DONE,Phase F Wave 23,"Wave 23 Special/UI 4/4 closed. Source-line Sync PASS; Dry-run PASS; Apply PASS; 16/16 physical strings preserved; Source Precompose PASS; Production Build PASS (EWRAM 250468 B / 95.55%, IWRAM 31468 B / 96.03%, ROM 15305110 B / 45.61%). Runtime OPTIONAL / WAIVED."
Final Structured C UI Text,Credits / Trade,TRANSLATE_REQUIRED,3,3,0,0,DONE,Phase F Wave 24,"Wave 24 final Structured C UI 3/3 closed. Source Apply PASS; Source Precompose PASS; Production Build PASS (EWRAM 250468 B / 95.55%, IWRAM 31468 B / 96.03%, ROM 15305246 B / 45.61%). Runtime OPTIONAL / WAIVED."
