symbol,source_line,source_text_en,target_text_th,encoded_definition,definition_status
gText_Able,459,ABLE,เข้าร่วมได้,"const u8 gText_Able[] = _(""{252}{25}{3}{0}{0}{244}{4}{1}{252}{25}{85}{1}{0}{244}{6}{1}{252}{25}{6}{0}{0}{244}{4}{1}{252}{25}{78}{1}{0}{244}{5}{1}{252}{25}{42}{0}{0}{244}{6}{1}{252}{25}{38}{0}{0}{244}{7}{1}{252}{25}{5}{0}{0}{244}{6}{1}{252}{25}{92}{1}{0}{244}{7}{1}"");",matched_and_replaced
gText_Able2,463,ABLE,เข้าร่วมได้,"const u8 gText_Able2[] = _(""{252}{25}{3}{0}{0}{244}{4}{1}{252}{25}{85}{1}{0}{244}{6}{1}{252}{25}{6}{0}{0}{244}{4}{1}{252}{25}{78}{1}{0}{244}{5}{1}{252}{25}{42}{0}{0}{244}{6}{1}{252}{25}{38}{0}{0}{244}{7}{1}{252}{25}{5}{0}{0}{244}{6}{1}{252}{25}{92}{1}{0}{244}{7}{1}"");",matched_and_replaced
gText_Cancel,194,CANCEL,ยกเลิก,"const u8 gText_Cancel[] = _(""{252}{25}{39}{0}{0}{244}{6}{1}{252}{25}{8}{0}{0}{244}{6}{1}{252}{25}{3}{0}{0}{244}{4}{1}{252}{25}{79}{0}{0}{244}{6}{1}{252}{25}{8}{0}{0}{244}{6}{1}"");",matched_and_replaced
gText_Cancel2,195,CANCEL,ยกเลิก,"const u8 gText_Cancel2[] = _(""{252}{25}{39}{0}{0}{244}{6}{1}{252}{25}{8}{0}{0}{244}{6}{1}{252}{25}{3}{0}{0}{244}{4}{1}{252}{25}{79}{0}{0}{244}{6}{1}{252}{25}{8}{0}{0}{244}{6}{1}"");",matched_and_replaced
gText_DontHave,469,DON'T HAVE,ไม่มี,"const u8 gText_DontHave[] = _(""{252}{25}{5}{0}{0}{244}{6}{1}{252}{25}{76}{1}{0}{244}{7}{1}{252}{25}{134}{0}{0}{244}{7}{1}"");",matched_and_replaced
gText_Enter,372,ENTER,เข้าร่วม,"const u8 gText_Enter[] = _(""{252}{25}{3}{0}{0}{244}{4}{1}{252}{25}{85}{1}{0}{244}{6}{1}{252}{25}{6}{0}{0}{244}{4}{1}{252}{25}{78}{1}{0}{244}{5}{1}{252}{25}{42}{0}{0}{244}{6}{1}{252}{25}{38}{0}{0}{244}{7}{1}"");",matched_and_replaced
gText_First_PM,460,FIRST,ตัวแรก,"const u8 gText_First_PM[] = _(""{252}{25}{33}{2}{0}{244}{7}{1}{252}{25}{42}{0}{0}{244}{6}{1}{252}{25}{2}{0}{0}{244}{7}{1}{252}{25}{40}{0}{0}{244}{5}{1}{252}{25}{8}{0}{0}{244}{6}{1}"");",matched_and_replaced
gText_Fourth,470,FOURTH,ตัวที่สี่,"const u8 gText_Fourth[] = _(""{252}{25}{33}{2}{0}{244}{7}{1}{252}{25}{42}{0}{0}{244}{6}{1}{252}{25}{154}{0}{0}{244}{7}{1}{252}{25}{167}{0}{0}{244}{6}{1}"");",matched_and_replaced
gText_Have,468,HAVE,มี,"const u8 gText_Have[] = _(""{252}{25}{134}{0}{0}{244}{7}{1}"");",matched_and_replaced
gText_Item,199,ITEM,ไอเทม,"const u8 gText_Item[] = _(""{252}{25}{5}{0}{0}{244}{6}{1}{252}{25}{48}{0}{0}{244}{6}{1}{252}{25}{3}{0}{0}{244}{4}{1}{252}{25}{28}{0}{0}{244}{7}{1}{252}{25}{38}{0}{0}{244}{7}{1}"");",matched_and_replaced
gText_Learned,467,LEARNED,เรียนรู้แล้ว,"const u8 gText_Learned[] = _(""{252}{25}{3}{0}{0}{244}{4}{1}{252}{25}{136}{0}{0}{244}{6}{1}{252}{25}{39}{0}{0}{244}{6}{1}{252}{25}{30}{0}{0}{244}{8}{1}{252}{25}{144}{2}{0}{244}{5}{1}{252}{25}{2}{0}{0}{244}{7}{1}{252}{25}{106}{1}{0}{244}{6}{1}{252}{25}{42}{0}{0}{244}{6}{1}"");",matched_and_replaced
gText_Mail,200,MAIL,จดหมาย,"const u8 gText_Mail[] = _(""{252}{25}{13}{0}{0}{244}{6}{1}{252}{25}{25}{0}{0}{244}{7}{1}{252}{25}{46}{0}{0}{244}{7}{1}{252}{25}{38}{0}{0}{244}{7}{1}{252}{25}{6}{0}{0}{244}{4}{1}{252}{25}{39}{0}{0}{244}{6}{1}"");",matched_and_replaced
gText_NoEntry,373,NO ENTRY,ถอนตัว,"const u8 gText_NoEntry[] = _(""{252}{25}{27}{0}{0}{244}{6}{1}{252}{25}{48}{0}{0}{244}{6}{1}{252}{25}{30}{0}{0}{244}{8}{1}{252}{25}{33}{2}{0}{244}{7}{1}{252}{25}{42}{0}{0}{244}{6}{1}"");",matched_and_replaced
gText_NotAble,464,NOT ABLE,เข้าร่วมไม่ได้,"const u8 gText_NotAble[] = _(""{252}{25}{3}{0}{0}{244}{4}{1}{252}{25}{85}{1}{0}{244}{6}{1}{252}{25}{6}{0}{0}{244}{4}{1}{252}{25}{78}{1}{0}{244}{5}{1}{252}{25}{42}{0}{0}{244}{6}{1}{252}{25}{38}{0}{0}{244}{7}{1}{252}{25}{5}{0}{0}{244}{6}{1}{252}{25}{76}{1}{0}{244}{7}{1}{252}{25}{5}{0}{0}{244}{6}{1}{252}{25}{92}{1}{0}{244}{7}{1}"");",matched_and_replaced
gText_Read2,375,READ,อ่าน,"const u8 gText_Read2[] = _(""{252}{25}{83}{1}{0}{244}{6}{1}{252}{25}{6}{0}{0}{244}{4}{1}{252}{25}{30}{0}{0}{244}{8}{1}"");",matched_and_replaced
gText_Register,496,REGISTER,ลงทะเบียน,"const u8 gText_Register[] = _(""{252}{25}{41}{0}{0}{244}{6}{1}{252}{25}{12}{0}{0}{244}{4}{1}{252}{25}{28}{0}{0}{244}{7}{1}{252}{25}{7}{0}{0}{244}{5}{1}{252}{25}{3}{0}{0}{244}{4}{1}{252}{25}{128}{0}{0}{244}{7}{1}{252}{25}{39}{0}{0}{244}{6}{1}{252}{25}{30}{0}{0}{244}{8}{1}"");",matched_and_replaced
gText_Second_PM,461,SECOND,ตัวที่สอง,"const u8 gText_Second_PM[] = _(""{252}{25}{33}{2}{0}{244}{7}{1}{252}{25}{42}{0}{0}{244}{6}{1}{252}{25}{154}{0}{0}{244}{7}{1}{252}{25}{45}{0}{0}{244}{6}{1}{252}{25}{48}{0}{0}{244}{6}{1}{252}{25}{12}{0}{0}{244}{4}{1}"");",matched_and_replaced
gText_SendOut,368,SEND OUT,ส่งลงสนาม,"const u8 gText_SendOut[] = _(""{252}{25}{81}{1}{0}{244}{6}{1}{252}{25}{12}{0}{0}{244}{4}{1}{252}{25}{41}{0}{0}{244}{6}{1}{252}{25}{12}{0}{0}{244}{4}{1}{252}{25}{45}{0}{0}{244}{6}{1}{252}{25}{30}{0}{0}{244}{8}{1}{252}{25}{6}{0}{0}{244}{4}{1}{252}{25}{38}{0}{0}{244}{7}{1}"");",matched_and_replaced
gText_Shift,367,SHIFT,สลับตัว,"const u8 gText_Shift[] = _(""{252}{25}{45}{0}{0}{244}{6}{1}{252}{25}{47}{2}{0}{244}{6}{1}{252}{25}{31}{0}{0}{244}{7}{1}{252}{25}{33}{2}{0}{244}{7}{1}{252}{25}{42}{0}{0}{244}{6}{1}"");",matched_and_replaced
gText_Store,202,STORE,ฝาก,"const u8 gText_Store[] = _(""{252}{25}{34}{0}{0}{244}{6}{1}{252}{25}{6}{0}{0}{244}{4}{1}{252}{25}{8}{0}{0}{244}{6}{1}"");",matched_and_replaced
gText_Summary5,370,SUMMARY,ข้อมูล,"const u8 gText_Summary5[] = _(""{252}{25}{85}{1}{0}{244}{6}{1}{252}{25}{48}{0}{0}{244}{6}{1}{252}{25}{221}{1}{0}{244}{7}{1}{252}{25}{41}{0}{0}{244}{6}{1}"");",matched_and_replaced
gText_Switch2,369,SWITCH,สลับ,"const u8 gText_Switch2[] = _(""{252}{25}{45}{0}{0}{244}{6}{1}{252}{25}{47}{2}{0}{244}{6}{1}{252}{25}{31}{0}{0}{244}{7}{1}"");",matched_and_replaced
gText_Take,201,TAKE,รับคืน,"const u8 gText_Take[] = _(""{252}{25}{46}{2}{0}{244}{5}{1}{252}{25}{31}{0}{0}{244}{7}{1}{252}{25}{4}{1}{0}{244}{7}{1}{252}{25}{30}{0}{0}{244}{8}{1}"");",matched_and_replaced
gText_Take2,374,TAKE,รับคืน,"const u8 gText_Take2[] = _(""{252}{25}{46}{2}{0}{244}{5}{1}{252}{25}{31}{0}{0}{244}{7}{1}{252}{25}{4}{1}{0}{244}{7}{1}{252}{25}{30}{0}{0}{244}{8}{1}"");",matched_and_replaced
gText_Third_PM,462,THIRD,ตัวที่สาม,"const u8 gText_Third_PM[] = _(""{252}{25}{33}{2}{0}{244}{7}{1}{252}{25}{42}{0}{0}{244}{6}{1}{252}{25}{154}{0}{0}{244}{7}{1}{252}{25}{45}{0}{0}{244}{6}{1}{252}{25}{6}{0}{0}{244}{4}{1}{252}{25}{38}{0}{0}{244}{7}{1}"");",matched_and_replaced
gText_Trade4,376,TRADE,แลกเปลี่ยน,"const u8 gText_Trade4[] = _(""{252}{25}{2}{0}{0}{244}{7}{1}{252}{25}{41}{0}{0}{244}{6}{1}{252}{25}{8}{0}{0}{244}{6}{1}{252}{25}{3}{0}{0}{244}{4}{1}{252}{25}{32}{0}{0}{244}{7}{1}{252}{25}{165}{0}{0}{244}{6}{1}{252}{25}{39}{0}{0}{244}{6}{1}{252}{25}{30}{0}{0}{244}{8}{1}"");",matched_and_replaced
