ui_id,symbol,ui_areas,scope_class,current_text,translation_status,translation_wave,constraint_profile,font_id,x_start_px,window_width_px,available_width_px,hard_width_px,line_capacity,constraint_group_id,constraint_group_budget_px,constraint_status,constraint_confidence,source_file,source_line,source_evidence,mapping_note,qa_route
UI0008,gText_AlreadySavedFile,START_SAVE,core_ui_prompt,"There is already a saved file.
Is it okay to overwrite it?",pending,pilot_prompts,STANDARD_MESSAGE_BOX,FONT_NORMAL,0,216,216,216,2 visible lines,,,mapped_exact_geometry,high,data/text/save.inc,5,"sStandardTextBox_WindowTemplates width=27; printer x=0, y=1",Control codes may paginate or scroll.,Trigger each prompt and inspect every page.
UI0016,gText_BatteryRunDry,MAIN_MENU,system_message,"The internal battery has run dry.
The game can be played.\pHowever, clock-based events will
no longer occur.",pending,pilot_prompts,MAIN_MENU_ERROR,FONT_NORMAL,0,208,208,208,2 visible lines,,,mapped_exact_geometry,high,src/strings.c,38,"MENU_WIDTH_ERROR=26; AddTextPrinterParameterized(window 7, x=0, y=1)",Control codes may paginate or scroll.,"Trigger save corruption, battery, wireless, and Mystery feature errors."
UI0019,gText_BattlePyramidConfirmRest,START_SAVE,core_ui_prompt,"Your BATTLE PYRAMID quest will be
saved so that you may quit for now.\lIs that okay?",pending,pilot_prompts,STANDARD_MESSAGE_BOX,FONT_NORMAL,0,216,216,216,2 visible lines,,,mapped_exact_geometry,high,data/maps/BattleFrontier_BattlePyramidFloor/scripts.inc,131,"sStandardTextBox_WindowTemplates width=27; printer x=0, y=1",Control codes may paginate or scroll.,Trigger each prompt and inspect every page.
UI0020,gText_BattlePyramidConfirmRetire,START_SAVE,core_ui_prompt,"Are you sure you want to quit your
PYRAMID quest?",pending,pilot_prompts,STANDARD_MESSAGE_BOX,FONT_NORMAL,0,216,216,216,2 visible lines,,,mapped_exact_geometry,high,data/maps/BattleFrontier_BattlePyramidFloor/scripts.inc,136,"sStandardTextBox_WindowTemplates width=27; printer x=0, y=1",Control codes may paginate or scroll.,Trigger each prompt and inspect every page.
UI0021,gText_BattlePyramidFloor,START_SAVE,core_ui_prompt,"Battle Pyramid
{STR_VAR_1}",pending,pilot_prompts,PYRAMID_FLOOR,FONT_NORMAL,0,80,80,80,2 lines,,,mapped_exact_geometry,high,src/strings.c,1574,sWindowTemplate_PyramidFloor width=10; text x=0,"Peak variant is wider, but 80 px is the shared safe limit.",Inspect floors 1-7 and Peak.
UI0022,gText_BattleScene,OPTION_MENU,core_ui_label,BATTLE SCENE,pending,pilot_labels,OPTION_ROW_LABEL,FONT_NORMAL,8,208,96,96,1,,,mapped_exact_geometry,high,src/strings.c,1530,WIN_OPTIONS width=26; row label x=8; choices begin at x=104,Label must remain left of the choice region.,Inspect every Option Menu row with all values.
UI0023,gText_BattleSceneOff,OPTION_MENU,core_ui_label,{COLOR GREEN}{SHADOW LIGHT_GREEN}OFF,pending,pilot_labels,OPTION_PAIR_CHOICE,FONT_NORMAL,104,208,94 group region,,1,option_battle_scene,94,mapped_group_budget,high,src/strings.c,1540,left value begins x=104; right value right-aligned to x=198,Both translated values and spacing must fit together inside 94 px.,Cycle both values and inspect selection color changes.
UI0024,gText_BattleSceneOn,OPTION_MENU,core_ui_label,{COLOR GREEN}{SHADOW LIGHT_GREEN}ON,pending,pilot_labels,OPTION_PAIR_CHOICE,FONT_NORMAL,104,208,94 group region,,1,option_battle_scene,94,mapped_group_budget,high,src/strings.c,1539,left value begins x=104; right value right-aligned to x=198,Both translated values and spacing must fit together inside 94 px.,Cycle both values and inspect selection color changes.
UI0025,gText_BattleStyle,OPTION_MENU,core_ui_label,BATTLE STYLE,pending,pilot_labels,OPTION_ROW_LABEL,FONT_NORMAL,8,208,96,96,1,,,mapped_exact_geometry,high,src/strings.c,1531,WIN_OPTIONS width=26; row label x=8; choices begin at x=104,Label must remain left of the choice region.,Inspect every Option Menu row with all values.
UI0026,gText_BattleStyleSet,OPTION_MENU,core_ui_label,{COLOR GREEN}{SHADOW LIGHT_GREEN}SET,pending,pilot_labels,OPTION_PAIR_CHOICE,FONT_NORMAL,104,208,94 group region,,1,option_battle_style,94,mapped_group_budget,high,src/strings.c,1542,left value begins x=104; right value right-aligned to x=198,Both translated values and spacing must fit together inside 94 px.,Cycle both values and inspect selection color changes.
UI0027,gText_BattleStyleShift,OPTION_MENU,core_ui_label,{COLOR GREEN}{SHADOW LIGHT_GREEN}SHIFT,pending,pilot_labels,OPTION_PAIR_CHOICE,FONT_NORMAL,104,208,94 group region,,1,option_battle_style,94,mapped_group_budget,high,src/strings.c,1541,left value begins x=104; right value right-aligned to x=198,Both translated values and spacing must fit together inside 94 px.,Cycle both values and inspect selection color changes.
UI0030,gText_BirchBoy,MAIN_MENU,core_ui_label,BOY,pending,pilot_labels,GENDER_MENU,FONT_NORMAL,8,48,40,40,1,,,mapped_exact_geometry,high,src/strings.c,64,sNewGameBirchSpeechTextWindows[1]: width=6; PrintMenuTable,,Open BOY/GIRL selection and inspect both entries.
UI0031,gText_BirchGirl,MAIN_MENU,core_ui_label,GIRL,pending,pilot_labels,GENDER_MENU,FONT_NORMAL,8,48,40,40,1,,,mapped_exact_geometry,high,src/strings.c,65,sNewGameBirchSpeechTextWindows[1]: width=6; PrintMenuTable,,Open BOY/GIRL selection and inspect both entries.
UI0034,gText_Birch_BoyOrGirl,MAIN_MENU,core_ui_prompt,"Are you a boy?
Or are you a girl?",pending,pilot_prompts,BIRCH_MESSAGE_BOX,FONT_NORMAL,0,216,216,216,2 visible lines,,,mapped_exact_geometry,high,data/text/birch_speech.inc,34,sNewGameBirchSpeechTextWindows[0]: width=27; AddTextPrinterForMessage,Reclassified from story_deferred because this message directly drives the gender-selection menu.,Start New Game and inspect the question before the BOY/GIRL menu.
UI0046,gText_BoxName,MAIN_MENU,core_ui_prompt,BOX NAME?,pending,pilot_prompts,NAMING_TITLE,FONT_NORMAL,8,136,128,128,1,,,mapped_exact_geometry,high,src/strings.c,1643,WIN_TEXT_ENTRY_BOX: width=17; title printed at x=8,Expanded placeholders must also fit.,"Open player, Pokémon, Box, and Walda naming screens."
UI0047,gText_ButtonMode,OPTION_MENU,core_ui_label,BUTTON MODE,pending,pilot_labels,OPTION_ROW_LABEL,FONT_NORMAL,8,208,96,96,1,,,mapped_exact_geometry,high,src/strings.c,1535,WIN_OPTIONS width=26; row label x=8; choices begin at x=104,Label must remain left of the choice region.,Inspect every Option Menu row with all values.
UI0048,gText_ButtonTypeLEqualsA,OPTION_MENU,core_ui_label,{COLOR GREEN}{SHADOW LIGHT_GREEN}L=A,pending,pilot_labels,OPTION_TRIPLE_CHOICE,FONT_NORMAL,104,208,94 group region,,1,option_button_mode,94,mapped_group_budget,high,src/strings.c,1549,first begins x=104; last right-aligned to x=198; middle position is width-derived,All three translated values must fit together inside 94 px.,Cycle all three values and inspect all selection states.
UI0049,gText_ButtonTypeLR,OPTION_MENU,core_ui_label,{COLOR GREEN}{SHADOW LIGHT_GREEN}LR,pending,pilot_labels,OPTION_TRIPLE_CHOICE,FONT_NORMAL,104,208,94 group region,,1,option_button_mode,94,mapped_group_budget,high,src/strings.c,1548,first begins x=104; last right-aligned to x=198; middle position is width-derived,All three translated values must fit together inside 94 px.,Cycle all three values and inspect all selection states.
UI0050,gText_ButtonTypeNormal,OPTION_MENU,core_ui_label,{COLOR GREEN}{SHADOW LIGHT_GREEN}NORMAL,pending,pilot_labels,OPTION_TRIPLE_CHOICE,FONT_NORMAL,104,208,94 group region,,1,option_button_mode,94,mapped_group_budget,high,src/strings.c,1547,first begins x=104; last right-aligned to x=198; middle position is width-derived,All three translated values must fit together inside 94 px.,Cycle all three values and inspect all selection states.
UI0078,gText_ConfirmSave,START_SAVE,core_ui_prompt,Would you like to save the game?,pending,pilot_prompts,STANDARD_MESSAGE_BOX,FONT_NORMAL,0,216,216,216,2 visible lines,,,mapped_exact_geometry,high,data/text/save.inc,2,"sStandardTextBox_WindowTemplates width=27; printer x=0, y=1",Control codes may paginate or scroll.,Trigger each prompt and inspect every page.
UI0082,gText_ContinueMenuBadges,MAIN_MENU,core_ui_label,BADGES,pending,pilot_labels,MAIN_MENU_SAVE_BADGES,FONT_NORMAL,108,208,100,,1,,,mapped_dynamic_pair,high,src/strings.c,1410,label x=108; one-digit badge count right-aligned to x=208,Must not collide with the badge count ending at x=208.,Load a save and inspect badge counts 0 and 8.
UI0083,gText_ContinueMenuPlayer,MAIN_MENU,core_ui_label,PLAYER,pending,pilot_labels,MAIN_MENU_SAVE_PLAYER,FONT_NORMAL,0,208,100,,1,,,mapped_dynamic_pair,high,src/strings.c,1407,label x=0; player name right-aligned to x=100,Must not collide with maximum-width player name ending at x=100.,Load a save with a maximum-length player name.
UI0084,gText_ContinueMenuPokedex,MAIN_MENU,core_ui_label,POKéDEX,pending,pilot_labels,MAIN_MENU_SAVE_POKEDEX,FONT_NORMAL,0,208,100,,1,,,mapped_dynamic_pair,high,src/strings.c,1409,label x=0; count right-aligned to x=100,Must not collide with a 3-digit caught count ending at x=100.,Load a save with Pokédex enabled and a 3-digit caught count.
UI0085,gText_ContinueMenuTime,MAIN_MENU,core_ui_label,TIME,pending,pilot_labels,MAIN_MENU_SAVE_TIME,FONT_NORMAL,108,208,100,,1,,,mapped_dynamic_pair,high,src/strings.c,1408,label x=108; play time right-aligned to x=208,Must not collide with HHH:MM ending at x=208.,Load a save with a 3-digit hour value.
UI0090,gText_DefaultNameAllie,MAIN_MENU,core_ui_label,ALLIE,pending,defer_input_architecture,PRESET_PLAYER_NAME,not_directly_rendered,,,7 encoded glyph bytes,7 encoded glyph bytes,1,,,deferred_input_architecture,high,src/strings.c,90,NewGameBirchSpeech_SetDefaultPlayerName copies PLAYER_NAME_LENGTH bytes,Preset names depend on Thai input/storage architecture.,"Test selection, save/load, naming screen, trainer card, and link display."
UI0091,gText_DefaultNameAubree,MAIN_MENU,core_ui_label,AUBREE,pending,defer_input_architecture,PRESET_PLAYER_NAME,not_directly_rendered,,,7 encoded glyph bytes,7 encoded glyph bytes,1,,,deferred_input_architecture,high,src/strings.c,95,NewGameBirchSpeech_SetDefaultPlayerName copies PLAYER_NAME_LENGTH bytes,Preset names depend on Thai input/storage architecture.,"Test selection, save/load, naming screen, trainer card, and link display."
UI0092,gText_DefaultNameBella,MAIN_MENU,core_ui_label,BELLA,pending,defer_input_architecture,PRESET_PLAYER_NAME,not_directly_rendered,,,7 encoded glyph bytes,7 encoded glyph bytes,1,,,deferred_input_architecture,high,src/strings.c,88,NewGameBirchSpeech_SetDefaultPlayerName copies PLAYER_NAME_LENGTH bytes,Preset names depend on Thai input/storage architecture.,"Test selection, save/load, naming screen, trainer card, and link display."
UI0093,gText_DefaultNameBrett,MAIN_MENU,core_ui_label,BRETT,pending,defer_input_architecture,PRESET_PLAYER_NAME,not_directly_rendered,,,7 encoded glyph bytes,7 encoded glyph bytes,1,,,deferred_input_architecture,high,src/strings.c,77,NewGameBirchSpeech_SetDefaultPlayerName copies PLAYER_NAME_LENGTH bytes,Preset names depend on Thai input/storage architecture.,"Test selection, save/load, naming screen, trainer card, and link display."
UI0094,gText_DefaultNameCamila,MAIN_MENU,core_ui_label,CAMILA,pending,defer_input_architecture,PRESET_PLAYER_NAME,not_directly_rendered,,,7 encoded glyph bytes,7 encoded glyph bytes,1,,,deferred_input_architecture,high,src/strings.c,94,NewGameBirchSpeech_SetDefaultPlayerName copies PLAYER_NAME_LENGTH bytes,Preset names depend on Thai input/storage architecture.,"Test selection, save/load, naming screen, trainer card, and link display."
UI0095,gText_DefaultNameCasey,MAIN_MENU,core_ui_label,CASEY,pending,defer_input_architecture,PRESET_PLAYER_NAME,not_directly_rendered,,,7 encoded glyph bytes,7 encoded glyph bytes,1,,,deferred_input_architecture,high,src/strings.c,80,NewGameBirchSpeech_SetDefaultPlayerName copies PLAYER_NAME_LENGTH bytes,Preset names depend on Thai input/storage architecture.,"Test selection, save/load, naming screen, trainer card, and link display."
UI0096,gText_DefaultNameCollin,MAIN_MENU,core_ui_label,COLLIN,pending,defer_input_architecture,PRESET_PLAYER_NAME,not_directly_rendered,,,7 encoded glyph bytes,7 encoded glyph bytes,1,,,deferred_input_architecture,high,src/strings.c,83,NewGameBirchSpeech_SetDefaultPlayerName copies PLAYER_NAME_LENGTH bytes,Preset names depend on Thai input/storage architecture.,"Test selection, save/load, naming screen, trainer card, and link display."
UI0097,gText_DefaultNameDarren,MAIN_MENU,core_ui_label,DARREN,pending,defer_input_architecture,PRESET_PLAYER_NAME,not_directly_rendered,,,7 encoded glyph bytes,7 encoded glyph bytes,1,,,deferred_input_architecture,high,src/strings.c,81,NewGameBirchSpeech_SetDefaultPlayerName copies PLAYER_NAME_LENGTH bytes,Preset names depend on Thai input/storage architecture.,"Test selection, save/load, naming screen, trainer card, and link display."
UI0098,gText_DefaultNameEaston,MAIN_MENU,core_ui_label,EASTON,pending,defer_input_architecture,PRESET_PLAYER_NAME,not_directly_rendered,,,7 encoded glyph bytes,7 encoded glyph bytes,1,,,deferred_input_architecture,high,src/strings.c,73,NewGameBirchSpeech_SetDefaultPlayerName copies PLAYER_NAME_LENGTH bytes,Preset names depend on Thai input/storage architecture.,"Test selection, save/load, naming screen, trainer card, and link display."
UI0099,gText_DefaultNameHalie,MAIN_MENU,core_ui_label,HALIE,pending,defer_input_architecture,PRESET_PLAYER_NAME,not_directly_rendered,,,7 encoded glyph bytes,7 encoded glyph bytes,1,,,deferred_input_architecture,high,src/strings.c,105,NewGameBirchSpeech_SetDefaultPlayerName copies PLAYER_NAME_LENGTH bytes,Preset names depend on Thai input/storage architecture.,"Test selection, save/load, naming screen, trainer card, and link display."
UI0100,gText_DefaultNameHazel,MAIN_MENU,core_ui_label,HAZEL,pending,defer_input_architecture,PRESET_PLAYER_NAME,not_directly_rendered,,,7 encoded glyph bytes,7 encoded glyph bytes,1,,,deferred_input_architecture,high,src/strings.c,97,NewGameBirchSpeech_SetDefaultPlayerName copies PLAYER_NAME_LENGTH bytes,Preset names depend on Thai input/storage architecture.,"Test selection, save/load, naming screen, trainer card, and link display."
UI0101,gText_DefaultNameJaxson,MAIN_MENU,core_ui_label,JAXSON,pending,defer_input_architecture,PRESET_PLAYER_NAME,not_directly_rendered,,,7 encoded glyph bytes,7 encoded glyph bytes,1,,,deferred_input_architecture,high,src/strings.c,72,NewGameBirchSpeech_SetDefaultPlayerName copies PLAYER_NAME_LENGTH bytes,Preset names depend on Thai input/storage architecture.,"Test selection, save/load, naming screen, trainer card, and link display."
UI0102,gText_DefaultNameJayla,MAIN_MENU,core_ui_label,JAYLA,pending,defer_input_architecture,PRESET_PLAYER_NAME,not_directly_rendered,,,7 encoded glyph bytes,7 encoded glyph bytes,1,,,deferred_input_architecture,high,src/strings.c,89,NewGameBirchSpeech_SetDefaultPlayerName copies PLAYER_NAME_LENGTH bytes,Preset names depend on Thai input/storage architecture.,"Test selection, save/load, naming screen, trainer card, and link display."
UI0103,gText_DefaultNameJohnny,MAIN_MENU,core_ui_label,JOHNNY,pending,defer_input_architecture,PRESET_PLAYER_NAME,not_directly_rendered,,,7 encoded glyph bytes,7 encoded glyph bytes,1,,,deferred_input_architecture,high,src/strings.c,76,NewGameBirchSpeech_SetDefaultPlayerName copies PLAYER_NAME_LENGTH bytes,Preset names depend on Thai input/storage architecture.,"Test selection, save/load, naming screen, trainer card, and link display."
UI0104,gText_DefaultNameJude,MAIN_MENU,core_ui_label,JUDE,pending,defer_input_architecture,PRESET_PLAYER_NAME,not_directly_rendered,,,7 encoded glyph bytes,7 encoded glyph bytes,1,,,deferred_input_architecture,high,src/strings.c,71,NewGameBirchSpeech_SetDefaultPlayerName copies PLAYER_NAME_LENGTH bytes,Preset names depend on Thai input/storage architecture.,"Test selection, save/load, naming screen, trainer card, and link display."
UI0105,gText_DefaultNameKenny,MAIN_MENU,core_ui_label,KENNY,pending,defer_input_architecture,PRESET_PLAYER_NAME,not_directly_rendered,,,7 encoded glyph bytes,7 encoded glyph bytes,1,,,deferred_input_architecture,high,src/strings.c,69,NewGameBirchSpeech_SetDefaultPlayerName copies PLAYER_NAME_LENGTH bytes,Preset names depend on Thai input/storage architecture.,"Test selection, save/load, naming screen, trainer card, and link display."
UI0106,gText_DefaultNameKimmy,MAIN_MENU,core_ui_label,KIMMY,pending,defer_input_architecture,PRESET_PLAYER_NAME,not_directly_rendered,,,7 encoded glyph bytes,7 encoded glyph bytes,1,,,deferred_input_architecture,high,src/strings.c,86,NewGameBirchSpeech_SetDefaultPlayerName copies PLAYER_NAME_LENGTH bytes,Preset names depend on Thai input/storage architecture.,"Test selection, save/load, naming screen, trainer card, and link display."
UI0107,gText_DefaultNameLandon,MAIN_MENU,core_ui_label,LANDON,pending,defer_input_architecture,PRESET_PLAYER_NAME,not_directly_rendered,,,7 encoded glyph bytes,7 encoded glyph bytes,1,,,deferred_input_architecture,high,src/strings.c,82,NewGameBirchSpeech_SetDefaultPlayerName copies PLAYER_NAME_LENGTH bytes,Preset names depend on Thai input/storage architecture.,"Test selection, save/load, naming screen, trainer card, and link display."
UI0108,gText_DefaultNameLianna,MAIN_MENU,core_ui_label,LIANNA,pending,defer_input_architecture,PRESET_PLAYER_NAME,not_directly_rendered,,,7 encoded glyph bytes,7 encoded glyph bytes,1,,,deferred_input_architecture,high,src/strings.c,91,NewGameBirchSpeech_SetDefaultPlayerName copies PLAYER_NAME_LENGTH bytes,Preset names depend on Thai input/storage architecture.,"Test selection, save/load, naming screen, trainer card, and link display."
UI0109,gText_DefaultNameLillie,MAIN_MENU,core_ui_label,LILLIE,pending,defer_input_architecture,PRESET_PLAYER_NAME,not_directly_rendered,,,7 encoded glyph bytes,7 encoded glyph bytes,1,,,deferred_input_architecture,high,src/strings.c,102,NewGameBirchSpeech_SetDefaultPlayerName copies PLAYER_NAME_LENGTH bytes,Preset names depend on Thai input/storage architecture.,"Test selection, save/load, naming screen, trainer card, and link display."
UI0110,gText_DefaultNameLucy,MAIN_MENU,core_ui_label,LUCY,pending,defer_input_architecture,PRESET_PLAYER_NAME,not_directly_rendered,,,7 encoded glyph bytes,7 encoded glyph bytes,1,,,deferred_input_architecture,high,src/strings.c,104,NewGameBirchSpeech_SetDefaultPlayerName copies PLAYER_NAME_LENGTH bytes,Preset names depend on Thai input/storage architecture.,"Test selection, save/load, naming screen, trainer card, and link display."
UI0111,gText_DefaultNameMilton,MAIN_MENU,core_ui_label,MILTON,pending,defer_input_architecture,PRESET_PLAYER_NAME,not_directly_rendered,,,7 encoded glyph bytes,7 encoded glyph bytes,1,,,deferred_input_architecture,high,src/strings.c,67,NewGameBirchSpeech_SetDefaultPlayerName copies PLAYER_NAME_LENGTH bytes,Preset names depend on Thai input/storage architecture.,"Test selection, save/load, naming screen, trainer card, and link display."
UI0112,gText_DefaultNameMonica,MAIN_MENU,core_ui_label,MONICA,pending,defer_input_architecture,PRESET_PLAYER_NAME,not_directly_rendered,,,7 encoded glyph bytes,7 encoded glyph bytes,1,,,deferred_input_architecture,high,src/strings.c,93,NewGameBirchSpeech_SetDefaultPlayerName copies PLAYER_NAME_LENGTH bytes,Preset names depend on Thai input/storage architecture.,"Test selection, save/load, naming screen, trainer card, and link display."
UI0113,gText_DefaultNameNadine,MAIN_MENU,core_ui_label,NADINE,pending,defer_input_architecture,PRESET_PLAYER_NAME,not_directly_rendered,,,7 encoded glyph bytes,7 encoded glyph bytes,1,,,deferred_input_architecture,high,src/strings.c,98,NewGameBirchSpeech_SetDefaultPlayerName copies PLAYER_NAME_LENGTH bytes,Preset names depend on Thai input/storage architecture.,"Test selection, save/load, naming screen, trainer card, and link display."
UI0114,gText_DefaultNameNicola,MAIN_MENU,core_ui_label,NICOLA,pending,defer_input_architecture,PRESET_PLAYER_NAME,not_directly_rendered,,,7 encoded glyph bytes,7 encoded glyph bytes,1,,,deferred_input_architecture,high,src/strings.c,101,NewGameBirchSpeech_SetDefaultPlayerName copies PLAYER_NAME_LENGTH bytes,Preset names depend on Thai input/storage architecture.,"Test selection, save/load, naming screen, trainer card, and link display."
UI0115,gText_DefaultNameQuincy,MAIN_MENU,core_ui_label,QUINCY,pending,defer_input_architecture,PRESET_PLAYER_NAME,not_directly_rendered,,,7 encoded glyph bytes,7 encoded glyph bytes,1,,,deferred_input_architecture,high,src/strings.c,85,NewGameBirchSpeech_SetDefaultPlayerName copies PLAYER_NAME_LENGTH bytes,Preset names depend on Thai input/storage architecture.,"Test selection, save/load, naming screen, trainer card, and link display."
UI0116,gText_DefaultNameReid,MAIN_MENU,core_ui_label,REID,pending,defer_input_architecture,PRESET_PLAYER_NAME,not_directly_rendered,,,7 encoded glyph bytes,7 encoded glyph bytes,1,,,deferred_input_architecture,high,src/strings.c,70,NewGameBirchSpeech_SetDefaultPlayerName copies PLAYER_NAME_LENGTH bytes,Preset names depend on Thai input/storage architecture.,"Test selection, save/load, naming screen, trainer card, and link display."
UI0117,gText_DefaultNameRuthie,MAIN_MENU,core_ui_label,RUTHIE,pending,defer_input_architecture,PRESET_PLAYER_NAME,not_directly_rendered,,,7 encoded glyph bytes,7 encoded glyph bytes,1,,,deferred_input_architecture,high,src/strings.c,96,NewGameBirchSpeech_SetDefaultPlayerName copies PLAYER_NAME_LENGTH bytes,Preset names depend on Thai input/storage architecture.,"Test selection, save/load, naming screen, trainer card, and link display."
UI0118,gText_DefaultNameSara,MAIN_MENU,core_ui_label,SARA,pending,defer_input_architecture,PRESET_PLAYER_NAME,not_directly_rendered,,,7 encoded glyph bytes,7 encoded glyph bytes,1,,,deferred_input_architecture,high,src/strings.c,92,NewGameBirchSpeech_SetDefaultPlayerName copies PLAYER_NAME_LENGTH bytes,Preset names depend on Thai input/storage architecture.,"Test selection, save/load, naming screen, trainer card, and link display."
UI0119,gText_DefaultNameSeth,MAIN_MENU,core_ui_label,SETH,pending,defer_input_architecture,PRESET_PLAYER_NAME,not_directly_rendered,,,7 encoded glyph bytes,7 encoded glyph bytes,1,,,deferred_input_architecture,high,src/strings.c,78,NewGameBirchSpeech_SetDefaultPlayerName copies PLAYER_NAME_LENGTH bytes,Preset names depend on Thai input/storage architecture.,"Test selection, save/load, naming screen, trainer card, and link display."
UI0120,gText_DefaultNameStanley,MAIN_MENU,core_ui_label,STANLEY,pending,defer_input_architecture,PRESET_PLAYER_NAME,not_directly_rendered,,,7 encoded glyph bytes,7 encoded glyph bytes,1,,,deferred_input_architecture,high,src/strings.c,84,NewGameBirchSpeech_SetDefaultPlayerName copies PLAYER_NAME_LENGTH bytes,Preset names depend on Thai input/storage architecture.,"Test selection, save/load, naming screen, trainer card, and link display."
UI0121,gText_DefaultNameStu,MAIN_MENU,core_ui_label,STU,pending,defer_input_architecture,PRESET_PLAYER_NAME,not_directly_rendered,,,7 encoded glyph bytes,7 encoded glyph bytes,1,,,deferred_input_architecture,high,src/strings.c,66,NewGameBirchSpeech_SetDefaultPlayerName copies PLAYER_NAME_LENGTH bytes,Preset names depend on Thai input/storage architecture.,"Test selection, save/load, naming screen, trainer card, and link display."
UI0122,gText_DefaultNameTanja,MAIN_MENU,core_ui_label,TANJA,pending,defer_input_architecture,PRESET_PLAYER_NAME,not_directly_rendered,,,7 encoded glyph bytes,7 encoded glyph bytes,1,,,deferred_input_architecture,high,src/strings.c,99,NewGameBirchSpeech_SetDefaultPlayerName copies PLAYER_NAME_LENGTH bytes,Preset names depend on Thai input/storage architecture.,"Test selection, save/load, naming screen, trainer card, and link display."
UI0123,gText_DefaultNameTerra,MAIN_MENU,core_ui_label,TERRA,pending,defer_input_architecture,PRESET_PLAYER_NAME,not_directly_rendered,,,7 encoded glyph bytes,7 encoded glyph bytes,1,,,deferred_input_architecture,high,src/strings.c,103,NewGameBirchSpeech_SetDefaultPlayerName copies PLAYER_NAME_LENGTH bytes,Preset names depend on Thai input/storage architecture.,"Test selection, save/load, naming screen, trainer card, and link display."
UI0124,gText_DefaultNameTerry,MAIN_MENU,core_ui_label,TERRY,pending,defer_input_architecture,PRESET_PLAYER_NAME,not_directly_rendered,,,7 encoded glyph bytes,7 encoded glyph bytes,1,,,deferred_input_architecture,high,src/strings.c,79,NewGameBirchSpeech_SetDefaultPlayerName copies PLAYER_NAME_LENGTH bytes,Preset names depend on Thai input/storage architecture.,"Test selection, save/load, naming screen, trainer card, and link display."
UI0125,gText_DefaultNameTeru,MAIN_MENU,core_ui_label,TERU,pending,defer_input_architecture,PRESET_PLAYER_NAME,not_directly_rendered,,,7 encoded glyph bytes,7 encoded glyph bytes,1,,,deferred_input_architecture,high,src/strings.c,75,NewGameBirchSpeech_SetDefaultPlayerName copies PLAYER_NAME_LENGTH bytes,Preset names depend on Thai input/storage architecture.,"Test selection, save/load, naming screen, trainer card, and link display."
UI0126,gText_DefaultNameTiara,MAIN_MENU,core_ui_label,TIARA,pending,defer_input_architecture,PRESET_PLAYER_NAME,not_directly_rendered,,,7 encoded glyph bytes,7 encoded glyph bytes,1,,,deferred_input_architecture,high,src/strings.c,87,NewGameBirchSpeech_SetDefaultPlayerName copies PLAYER_NAME_LENGTH bytes,Preset names depend on Thai input/storage architecture.,"Test selection, save/load, naming screen, trainer card, and link display."
UI0127,gText_DefaultNameTom,MAIN_MENU,core_ui_label,TOM,pending,defer_input_architecture,PRESET_PLAYER_NAME,not_directly_rendered,,,7 encoded glyph bytes,7 encoded glyph bytes,1,,,deferred_input_architecture,high,src/strings.c,68,NewGameBirchSpeech_SetDefaultPlayerName copies PLAYER_NAME_LENGTH bytes,Preset names depend on Thai input/storage architecture.,"Test selection, save/load, naming screen, trainer card, and link display."
UI0128,gText_DefaultNameWalker,MAIN_MENU,core_ui_label,WALKER,pending,defer_input_architecture,PRESET_PLAYER_NAME,not_directly_rendered,,,7 encoded glyph bytes,7 encoded glyph bytes,1,,,deferred_input_architecture,high,src/strings.c,74,NewGameBirchSpeech_SetDefaultPlayerName copies PLAYER_NAME_LENGTH bytes,Preset names depend on Thai input/storage architecture.,"Test selection, save/load, naming screen, trainer card, and link display."
UI0129,gText_DefaultNameYasmin,MAIN_MENU,core_ui_label,YASMIN,pending,defer_input_architecture,PRESET_PLAYER_NAME,not_directly_rendered,,,7 encoded glyph bytes,7 encoded glyph bytes,1,,,deferred_input_architecture,high,src/strings.c,100,NewGameBirchSpeech_SetDefaultPlayerName copies PLAYER_NAME_LENGTH bytes,Preset names depend on Thai input/storage architecture.,"Test selection, save/load, naming screen, trainer card, and link display."
UI0175,gText_DifferentSaveFile,START_SAVE,system_message,"WARNING!\pThere is a different game file that
is already saved.\pIf you save now, the other file's
adventure, including items and\lPOKéMON, will be entirely lost.\pAre you sure you want to save now
and overwrite the other save file?",pending,pilot_prompts,STANDARD_MESSAGE_BOX,FONT_NORMAL,0,216,216,216,2 visible lines,,,mapped_exact_geometry,high,data/text/save.inc,16,"sStandardTextBox_WindowTemplates width=27; printer x=0, y=1",Control codes may paginate or scroll.,Trigger each prompt and inspect every page.
UI0201,gText_Floor1,START_SAVE,core_ui_label,Floor 1,pending,pilot_labels,PYRAMID_FLOOR,FONT_NORMAL,0,80,80,80,2 lines,,,mapped_exact_geometry,high,src/strings.c,1575,sWindowTemplate_PyramidFloor width=10; text x=0,"Peak variant is wider, but 80 px is the shared safe limit.",Inspect floors 1-7 and Peak.
UI0202,gText_Floor2,START_SAVE,core_ui_label,Floor 2,pending,pilot_labels,PYRAMID_FLOOR,FONT_NORMAL,0,80,80,80,2 lines,,,mapped_exact_geometry,high,src/strings.c,1576,sWindowTemplate_PyramidFloor width=10; text x=0,"Peak variant is wider, but 80 px is the shared safe limit.",Inspect floors 1-7 and Peak.
UI0203,gText_Floor3,START_SAVE,core_ui_label,Floor 3,pending,pilot_labels,PYRAMID_FLOOR,FONT_NORMAL,0,80,80,80,2 lines,,,mapped_exact_geometry,high,src/strings.c,1577,sWindowTemplate_PyramidFloor width=10; text x=0,"Peak variant is wider, but 80 px is the shared safe limit.",Inspect floors 1-7 and Peak.
UI0204,gText_Floor4,START_SAVE,core_ui_label,Floor 4,pending,pilot_labels,PYRAMID_FLOOR,FONT_NORMAL,0,80,80,80,2 lines,,,mapped_exact_geometry,high,src/strings.c,1578,sWindowTemplate_PyramidFloor width=10; text x=0,"Peak variant is wider, but 80 px is the shared safe limit.",Inspect floors 1-7 and Peak.
UI0205,gText_Floor5,START_SAVE,core_ui_label,Floor 5,pending,pilot_labels,PYRAMID_FLOOR,FONT_NORMAL,0,80,80,80,2 lines,,,mapped_exact_geometry,high,src/strings.c,1579,sWindowTemplate_PyramidFloor width=10; text x=0,"Peak variant is wider, but 80 px is the shared safe limit.",Inspect floors 1-7 and Peak.
UI0206,gText_Floor6,START_SAVE,core_ui_label,Floor 6,pending,pilot_labels,PYRAMID_FLOOR,FONT_NORMAL,0,80,80,80,2 lines,,,mapped_exact_geometry,high,src/strings.c,1580,sWindowTemplate_PyramidFloor width=10; text x=0,"Peak variant is wider, but 80 px is the shared safe limit.",Inspect floors 1-7 and Peak.
UI0207,gText_Floor7,START_SAVE,core_ui_label,Floor 7,pending,pilot_labels,PYRAMID_FLOOR,FONT_NORMAL,0,80,80,80,2 lines,,,mapped_exact_geometry,high,src/strings.c,1581,sWindowTemplate_PyramidFloor width=10; text x=0,"Peak variant is wider, but 80 px is the shared safe limit.",Inspect floors 1-7 and Peak.
UI0210,gText_Frame,OPTION_MENU,core_ui_label,FRAME,pending,pilot_labels,OPTION_ROW_LABEL,FONT_NORMAL,8,208,96,96,1,,,mapped_exact_geometry,high,src/strings.c,1533,WIN_OPTIONS width=26; row label x=8; choices begin at x=104,Label must remain left of the choice region.,Inspect every Option Menu row with all values.
UI0211,gText_FrameType,OPTION_MENU,core_ui_label,{COLOR GREEN}{SHADOW LIGHT_GREEN}TYPE,pending,pilot_labels,OPTION_FRAME_TYPE,FONT_NORMAL,104,208,24,24,1,,,mapped_exact_geometry,high,src/strings.c,1545,gText_FrameType at x=104; generated type number begins x=128,The dynamic frame number occupies the following region.,Cycle frame types 1 through 20.
UI0258,gText_MainMenuContinue,MAIN_MENU,core_ui_label,CONTINUE,pending,pilot_labels,MAIN_MENU_ENTRY,FONT_NORMAL,0,208,208,208,1,,,mapped_exact_geometry,high,src/strings.c,25,"MENU_WIDTH=26; AddTextPrinterParameterized3(... FONT_NORMAL, x=0, y=1)",,Boot each Main Menu variant and inspect every selectable entry.
UI0259,gText_MainMenuMysteryEvents,MAIN_MENU,core_ui_label,MYSTERY EVENTS,pending,pilot_labels,MAIN_MENU_ENTRY,FONT_NORMAL,0,208,208,208,1,,,mapped_exact_geometry,high,src/strings.c,29,"MENU_WIDTH=26; AddTextPrinterParameterized3(... FONT_NORMAL, x=0, y=1)",,Boot each Main Menu variant and inspect every selectable entry.
UI0260,gText_MainMenuMysteryGift,MAIN_MENU,core_ui_label,MYSTERY GIFT,pending,pilot_labels,MAIN_MENU_ENTRY,FONT_NORMAL,0,208,208,208,1,,,mapped_exact_geometry,high,src/strings.c,27,"MENU_WIDTH=26; AddTextPrinterParameterized3(... FONT_NORMAL, x=0, y=1)",,Boot each Main Menu variant and inspect every selectable entry.
UI0261,gText_MainMenuMysteryGift2,MAIN_MENU,core_ui_label,MYSTERY GIFT,pending,pilot_labels,MAIN_MENU_ENTRY,FONT_NORMAL,0,208,208,208,1,,,mapped_exact_geometry,high,src/strings.c,28,"MENU_WIDTH=26; AddTextPrinterParameterized3(... FONT_NORMAL, x=0, y=1)",,Boot each Main Menu variant and inspect every selectable entry.
UI0262,gText_MainMenuNewGame,MAIN_MENU,core_ui_label,เริ่มเกมส์,existing_thai_review,pilot_labels,MAIN_MENU_ENTRY,FONT_NORMAL,0,208,208,208,1,,,mapped_exact_geometry,high,src/strings.c,24,"MENU_WIDTH=26; AddTextPrinterParameterized3(... FONT_NORMAL, x=0, y=1)",,Boot each Main Menu variant and inspect every selectable entry.
UI0263,gText_MainMenuOption,MAIN_MENU,core_ui_label,OPTION,pending,pilot_labels,MAIN_MENU_ENTRY,FONT_NORMAL,0,208,208,208,1,,,mapped_exact_geometry,high,src/strings.c,26,"MENU_WIDTH=26; AddTextPrinterParameterized3(... FONT_NORMAL, x=0, y=1)",,Boot each Main Menu variant and inspect every selectable entry.
UI0266,gText_MenuBag,START_SAVE,core_ui_label,BAG,pending,pilot_labels,START_MENU_ITEM,FONT_NORMAL,8,56,48,48,1,,,mapped_exact_geometry,high,src/strings.c,1565,AddStartMenuWindow width=7; action text printed at x=8,Player-name action uses a different dynamic path and is not in this batch.,"Inspect normal, Safari, link, Pike, Pyramid, and partner Start Menus."
UI0267,gText_MenuExit,START_SAVE,core_ui_label,EXIT,pending,pilot_labels,START_MENU_ITEM,FONT_NORMAL,8,56,48,48,1,,,mapped_exact_geometry,high,src/strings.c,1570,AddStartMenuWindow width=7; action text printed at x=8,Player-name action uses a different dynamic path and is not in this batch.,"Inspect normal, Safari, link, Pike, Pyramid, and partner Start Menus."
UI0268,gText_MenuOption,START_SAVE,core_ui_label,OPTION,pending,pilot_labels,START_MENU_ITEM,FONT_NORMAL,8,56,48,48,1,,,mapped_exact_geometry,high,src/strings.c,1569,AddStartMenuWindow width=7; action text printed at x=8,Player-name action uses a different dynamic path and is not in this batch.,"Inspect normal, Safari, link, Pike, Pyramid, and partner Start Menus."
UI0270,gText_MenuPokedex,START_SAVE,core_ui_label,POKéDEX,pending,pilot_labels,START_MENU_ITEM,FONT_NORMAL,8,56,48,48,1,,,mapped_exact_geometry,high,src/strings.c,1563,AddStartMenuWindow width=7; action text printed at x=8,Player-name action uses a different dynamic path and is not in this batch.,"Inspect normal, Safari, link, Pike, Pyramid, and partner Start Menus."
UI0271,gText_MenuPokemon,START_SAVE,core_ui_label,POKéMON,pending,pilot_labels,START_MENU_ITEM,FONT_NORMAL,8,56,48,48,1,,,mapped_exact_geometry,high,src/strings.c,1564,AddStartMenuWindow width=7; action text printed at x=8,Player-name action uses a different dynamic path and is not in this batch.,"Inspect normal, Safari, link, Pike, Pyramid, and partner Start Menus."
UI0272,gText_MenuPokenav,START_SAVE,core_ui_label,POKéNAV,pending,pilot_labels,START_MENU_ITEM,FONT_NORMAL,8,56,48,48,1,,,mapped_exact_geometry,high,src/strings.c,1566,AddStartMenuWindow width=7; action text printed at x=8,Player-name action uses a different dynamic path and is not in this batch.,"Inspect normal, Safari, link, Pike, Pyramid, and partner Start Menus."
UI0273,gText_MenuRest,START_SAVE,core_ui_label,REST,pending,pilot_labels,START_MENU_ITEM,FONT_NORMAL,8,56,48,48,1,,,mapped_exact_geometry,high,src/strings.c,1572,AddStartMenuWindow width=7; action text printed at x=8,Player-name action uses a different dynamic path and is not in this batch.,"Inspect normal, Safari, link, Pike, Pyramid, and partner Start Menus."
UI0274,gText_MenuRetire,START_SAVE,core_ui_label,RETIRE,pending,pilot_labels,START_MENU_ITEM,FONT_NORMAL,8,56,48,48,1,,,mapped_exact_geometry,high,src/strings.c,1571,AddStartMenuWindow width=7; action text printed at x=8,Player-name action uses a different dynamic path and is not in this batch.,"Inspect normal, Safari, link, Pike, Pyramid, and partner Start Menus."
UI0275,gText_MenuSave,START_SAVE,core_ui_label,SAVE,pending,pilot_labels,START_MENU_ITEM,FONT_NORMAL,8,56,48,48,1,,,mapped_exact_geometry,high,src/strings.c,1568,AddStartMenuWindow width=7; action text printed at x=8,Player-name action uses a different dynamic path and is not in this batch.,"Inspect normal, Safari, link, Pike, Pyramid, and partner Start Menus."
UI0283,gText_MoveOkBack,MAIN_MENU,core_ui_label,{DPAD_NONE}MOVE  {A_BUTTON}OK  {B_BUTTON}BACK,pending,pilot_labels,NAMING_BANNER,FONT_SMALL,2,240,238,238,1,,,mapped_exact_geometry,high,src/strings.c,1646,WIN_BANNER: width=DISPLAY_TILE_WIDTH=30; FONT_SMALL at x=2,Button icon control codes count toward layout.,Open naming screen and inspect MOVE / OK / BACK banner.
UI0297,gText_MysteryEventsCantUse,MAIN_MENU,core_ui_prompt,"MYSTERY EVENTS can't be used while
the Wireless Adapter is attached.",pending,pilot_prompts,MAIN_MENU_ERROR,FONT_NORMAL,0,208,208,208,2 visible lines,,,mapped_exact_geometry,high,src/strings.c,32,"MENU_WIDTH_ERROR=26; AddTextPrinterParameterized(window 7, x=0, y=1)",Control codes may paginate or scroll.,"Trigger save corruption, battery, wireless, and Mystery feature errors."
UI0298,gText_MysteryGiftCantUse,MAIN_MENU,core_ui_prompt,"MYSTERY GIFT can't be used while
the Wireless Adapter is attached.",pending,pilot_prompts,MAIN_MENU_ERROR,FONT_NORMAL,0,208,208,208,2 visible lines,,,mapped_exact_geometry,high,src/strings.c,31,"MENU_WIDTH_ERROR=26; AddTextPrinterParameterized(window 7, x=0, y=1)",Control codes may paginate or scroll.,"Trigger save corruption, battery, wireless, and Mystery feature errors."
UI0301,gText_NamingScreenKeyboard_ABCDEF,MAIN_MENU,core_ui_prompt,{CLEAR 11}A{CLEAR 6}B{CLEAR 6}C{CLEAR 26}D{CLEAR 6}E{CLEAR 6}F{CLEAR 6} {CLEAR 30}.,pending,defer_input_architecture,NAMING_KEYBOARD_LAYOUT,FONT_NORMAL,0,152,152,,1,,,deferred_input_architecture,high,src/text_input_strings.c,14,WIN_KB_PAGE_1/2: width=19; rows printed at x=0 with CLEAR controls,Keyboard rows are fixed-layout input data.,Requires a separately designed Thai keyboard and input mapping.
UI0302,gText_NamingScreenKeyboard_GHIJKL,MAIN_MENU,core_ui_label,"{CLEAR 11}G{CLEAR 6}H{CLEAR 6}I{CLEAR 26}J{CLEAR 6}K{CLEAR 6}L{CLEAR 6} {CLEAR 30},",pending,defer_input_architecture,NAMING_KEYBOARD_LAYOUT,FONT_NORMAL,0,152,152,,1,,,deferred_input_architecture,high,src/text_input_strings.c,15,WIN_KB_PAGE_1/2: width=19; rows printed at x=0 with CLEAR controls,Keyboard rows are fixed-layout input data.,Requires a separately designed Thai keyboard and input mapping.
UI0303,gText_NamingScreenKeyboard_MNOPQRS,MAIN_MENU,core_ui_label,{CLEAR 11}M{CLEAR 6}N{CLEAR 6}O{CLEAR 26}P{CLEAR 6}Q{CLEAR 6}R{CLEAR 6}S{CLEAR 26}\x20,pending,defer_input_architecture,NAMING_KEYBOARD_LAYOUT,FONT_NORMAL,0,152,152,,1,,,deferred_input_architecture,high,src/text_input_strings.c,16,WIN_KB_PAGE_1/2: width=19; rows printed at x=0 with CLEAR controls,Keyboard rows are fixed-layout input data.,Requires a separately designed Thai keyboard and input mapping.
UI0306,gText_NamingScreenKeyboard_TUVWXYZ,MAIN_MENU,core_ui_label,{CLEAR 11}T{CLEAR 6}U{CLEAR 6}V{CLEAR 26}W{CLEAR 6}X{CLEAR 6}Y{CLEAR 6}Z{CLEAR 26}\x20,pending,defer_input_architecture,NAMING_KEYBOARD_LAYOUT,FONT_NORMAL,0,152,152,,1,,,deferred_input_architecture,high,src/text_input_strings.c,17,WIN_KB_PAGE_1/2: width=19; rows printed at x=0 with CLEAR controls,Keyboard rows are fixed-layout input data.,Requires a separately designed Thai keyboard and input mapping.
UI0307,gText_NamingScreenKeyboard_abcdef,MAIN_MENU,core_ui_prompt,{CLEAR 11}a{CLEAR 6}b{CLEAR 6}c{CLEAR 26}d{CLEAR 6}e{CLEAR 6}f{CLEAR 6} {CLEAR 30}.,pending,defer_input_architecture,NAMING_KEYBOARD_LAYOUT,FONT_NORMAL,0,152,152,,1,,,deferred_input_architecture,high,src/text_input_strings.c,10,WIN_KB_PAGE_1/2: width=19; rows printed at x=0 with CLEAR controls,Keyboard rows are fixed-layout input data.,Requires a separately designed Thai keyboard and input mapping.
UI0308,gText_NamingScreenKeyboard_ghijkl,MAIN_MENU,core_ui_label,"{CLEAR 11}g{CLEAR 6}h{CLEAR 7}i{CLEAR 27}j{CLEAR 7}k{CLEAR 7}l{CLEAR 7} {CLEAR 30},",pending,defer_input_architecture,NAMING_KEYBOARD_LAYOUT,FONT_NORMAL,0,152,152,,1,,,deferred_input_architecture,high,src/text_input_strings.c,11,WIN_KB_PAGE_1/2: width=19; rows printed at x=0 with CLEAR controls,Keyboard rows are fixed-layout input data.,Requires a separately designed Thai keyboard and input mapping.
UI0309,gText_NamingScreenKeyboard_mnopqrs,MAIN_MENU,core_ui_label,{CLEAR 11}m{CLEAR 6}n{CLEAR 6}o{CLEAR 26}p{CLEAR 6}q{CLEAR 7}r{CLEAR 6}s{CLEAR 27}\x20,pending,defer_input_architecture,NAMING_KEYBOARD_LAYOUT,FONT_NORMAL,0,152,152,,1,,,deferred_input_architecture,high,src/text_input_strings.c,12,WIN_KB_PAGE_1/2: width=19; rows printed at x=0 with CLEAR controls,Keyboard rows are fixed-layout input data.,Requires a separately designed Thai keyboard and input mapping.
UI0310,gText_NamingScreenKeyboard_tuvwxyz,MAIN_MENU,core_ui_label,{CLEAR 11}t{CLEAR 6}u{CLEAR 6}v{CLEAR 26}w{CLEAR 6}x{CLEAR 6}y{CLEAR 6}z{CLEAR 26}\x20,pending,defer_input_architecture,NAMING_KEYBOARD_LAYOUT,FONT_NORMAL,0,152,152,,1,,,deferred_input_architecture,high,src/text_input_strings.c,13,WIN_KB_PAGE_1/2: width=19; rows printed at x=0 with CLEAR controls,Keyboard rows are fixed-layout input data.,Requires a separately designed Thai keyboard and input mapping.
UI0340,gText_Option,OPTION_MENU,core_ui_label,OPTION,pending,pilot_labels,OPTION_HEADER,FONT_NORMAL,8,208,200,200,1,,,mapped_exact_geometry,high,src/strings.c,1528,WIN_HEADER width=26; gText_Option printed at x=8,,Open Option Menu and inspect header.
UI0341,gText_OptionMenuCancel,OPTION_MENU,core_ui_label,CANCEL,pending,pilot_labels,OPTION_CANCEL,FONT_NORMAL,8,208,200,200,1,,,mapped_exact_geometry,high,src/strings.c,1534,WIN_OPTIONS width=26; CANCEL printed at x=8,,Inspect final Option Menu row.
UI0348,gText_Peak,START_SAVE,core_ui_label,Peak,pending,pilot_labels,PYRAMID_FLOOR,FONT_NORMAL,0,80,80,80,2 lines,,,mapped_exact_geometry,high,src/strings.c,1582,sWindowTemplate_PyramidFloor width=10; text x=0,"Peak variant is wider, but 80 px is the shared safe limit.",Inspect floors 1-7 and Peak.
UI0382,gText_PkmnTransferredLanettesPC,MAIN_MENU,system_message,"{STR_VAR_2} was transferred to
LANETTE'S PC.\pIt was placed in\x20
BOX “{STR_VAR_1}.”",pending,defer_phase6_system,PC_TRANSFER_MESSAGE,FONT_NORMAL,0,216,216,216,2 visible lines,,,mapped_deferred_phase6,high,data/text/pc_transfer.inc,7,Transferred-to-PC messages use the standard message printer,System message moved out of the Core UI translation wave.,Fill party/Box and test both SOMEONE and LANETTE variants.
UI0383,gText_PkmnTransferredLanettesPCBoxFull,MAIN_MENU,system_message,"BOX “{STR_VAR_3}” on
LANETTE'S PC was full.\p{STR_VAR_2} was transferred to
BOX “{STR_VAR_1}.”",pending,defer_phase6_system,PC_TRANSFER_MESSAGE,FONT_NORMAL,0,216,216,216,2 visible lines,,,mapped_deferred_phase6,high,data/text/pc_transfer.inc,19,Transferred-to-PC messages use the standard message printer,System message moved out of the Core UI translation wave.,Fill party/Box and test both SOMEONE and LANETTE variants.
UI0384,gText_PkmnTransferredSomeonesPC,MAIN_MENU,system_message,"{STR_VAR_2} was transferred to
SOMEONE'S PC.\pIt was placed in\x20
BOX “{STR_VAR_1}.”",pending,defer_phase6_system,PC_TRANSFER_MESSAGE,FONT_NORMAL,0,216,216,216,2 visible lines,,,mapped_deferred_phase6,high,data/text/pc_transfer.inc,1,Transferred-to-PC messages use the standard message printer,System message moved out of the Core UI translation wave.,Fill party/Box and test both SOMEONE and LANETTE variants.
UI0385,gText_PkmnTransferredSomeonesPCBoxFull,MAIN_MENU,system_message,"BOX “{STR_VAR_3}” on
SOMEONE'S PC was full.\p{STR_VAR_2} was transferred to
BOX “{STR_VAR_1}.”",pending,defer_phase6_system,PC_TRANSFER_MESSAGE,FONT_NORMAL,0,216,216,216,2 visible lines,,,mapped_deferred_phase6,high,data/text/pc_transfer.inc,13,Transferred-to-PC messages use the standard message printer,System message moved out of the Core UI translation wave.,Fill party/Box and test both SOMEONE and LANETTE variants.
UI0390,gText_PkmnsNickname,MAIN_MENU,core_ui_prompt,{STR_VAR_1}'s nickname?,pending,pilot_prompts,NAMING_TITLE,FONT_NORMAL,8,136,128,128,1,,,mapped_exact_geometry,high,src/strings.c,1644,WIN_TEXT_ENTRY_BOX: width=17; title printed at x=8,Expanded placeholders must also fit.,"Open player, Pokémon, Box, and Walda naming screens."
UI0392,gText_PlayerSavedGame,START_SAVE,core_ui_prompt,{PLAYER} saved the game.,pending,pilot_prompts,STANDARD_MESSAGE_BOX,FONT_NORMAL,0,216,216,216,2 visible lines,,,mapped_exact_geometry,high,data/text/save.inc,13,"sStandardTextBox_WindowTemplates width=27; printer x=0, y=1",Control codes may paginate or scroll.,Trigger each prompt and inspect every page.
UI0432,gText_SafariBallStock,START_SAVE,core_ui_prompt,"SAFARI BALLS
Stock: {STR_VAR_1}",pending,pilot_prompts,SAFARI_STOCK,FONT_NORMAL,0,72,72,72,2 lines,,,mapped_exact_geometry,high,src/strings.c,1573,sWindowTemplate_SafariBalls width=9; text x=0,Expanded stock value must fit.,Open Start Menu inside Safari Zone.
UI0435,gText_SaveError,START_SAVE,system_message,"Save error.\pPlease exchange the
backup memory.",pending,pilot_prompts,STANDARD_MESSAGE_BOX,FONT_NORMAL,0,216,216,216,2 visible lines,,,mapped_exact_geometry,high,data/text/save.inc,26,"sStandardTextBox_WindowTemplates width=27; printer x=0, y=1",Control codes may paginate or scroll.,Trigger each prompt and inspect every page.
UI0436,gText_SaveFileCorrupted,MAIN_MENU,core_ui_prompt,"The save file is corrupted. The
previous save file will be loaded.",pending,pilot_prompts,MAIN_MENU_ERROR,FONT_NORMAL,0,208,208,208,2 visible lines,,,mapped_exact_geometry,high,src/strings.c,35,"MENU_WIDTH_ERROR=26; AddTextPrinterParameterized(window 7, x=0, y=1)",Control codes may paginate or scroll.,"Trigger save corruption, battery, wireless, and Mystery feature errors."
UI0437,gText_SaveFileErased,MAIN_MENU,core_ui_prompt,"The save file has been erased
due to corruption or damage.",pending,pilot_prompts,MAIN_MENU_ERROR,FONT_NORMAL,0,208,208,208,2 visible lines,,,mapped_exact_geometry,high,src/strings.c,36,"MENU_WIDTH_ERROR=26; AddTextPrinterParameterized(window 7, x=0, y=1)",Control codes may paginate or scroll.,"Trigger save corruption, battery, wireless, and Mystery feature errors."
UI0438,gText_SavingBadges,START_SAVE,core_ui_label,BADGES,pending,pilot_labels,SAVE_INFO_LABEL,FONT_NORMAL,0,112,112,,1,,,mapped_dynamic_pair,high,src/strings.c,1695,sSaveInfoWindowTemplate width=14; labels x=0; values right-aligned to x=112,"Must not collide with player name, count, or time value.","Test maximum-length name, 8 badges, 3-digit Pokédex count, and 3-digit hours."
UI0439,gText_SavingDontTurnOff,START_SAVE,core_ui_prompt,"SAVING…
DON'T TURN OFF THE POWER.",pending,pilot_prompts,STANDARD_MESSAGE_BOX,FONT_NORMAL,0,216,216,216,2 visible lines,,,mapped_exact_geometry,high,data/text/save.inc,9,"sStandardTextBox_WindowTemplates width=27; printer x=0, y=1",Control codes may paginate or scroll.,Trigger each prompt and inspect every page.
UI0440,gText_SavingDontTurnOffPower,START_SAVE,core_ui_prompt,"SAVING…
DON'T TURN OFF THE POWER.",pending,pilot_prompts,LINK_SAVE_MESSAGE,FONT_NORMAL,0,208,208,208,2 visible lines,,,mapped_exact_geometry,high,data/text/save.inc,31,sWindowTemplates_LinkBattleSave width=26; printer x=0,,Trigger save after link battle.
UI0441,gText_SavingPlayer,START_SAVE,core_ui_label,PLAYER,pending,pilot_labels,SAVE_INFO_LABEL,FONT_NORMAL,0,112,112,,1,,,mapped_dynamic_pair,high,src/strings.c,1694,sSaveInfoWindowTemplate width=14; labels x=0; values right-aligned to x=112,"Must not collide with player name, count, or time value.","Test maximum-length name, 8 badges, 3-digit Pokédex count, and 3-digit hours."
UI0442,gText_SavingPokedex,START_SAVE,core_ui_label,POKéDEX,pending,pilot_labels,SAVE_INFO_LABEL,FONT_NORMAL,0,112,112,,1,,,mapped_dynamic_pair,high,src/strings.c,1696,sSaveInfoWindowTemplate width=14; labels x=0; values right-aligned to x=112,"Must not collide with player name, count, or time value.","Test maximum-length name, 8 badges, 3-digit Pokédex count, and 3-digit hours."
UI0443,gText_SavingTime,START_SAVE,core_ui_label,TIME,pending,pilot_labels,SAVE_INFO_LABEL,FONT_NORMAL,0,112,112,,1,,,mapped_dynamic_pair,high,src/strings.c,1697,sSaveInfoWindowTemplate width=14; labels x=0; values right-aligned to x=112,"Must not collide with player name, count, or time value.","Test maximum-length name, 8 badges, 3-digit Pokédex count, and 3-digit hours."
UI0462,gText_Sound,OPTION_MENU,core_ui_label,SOUND,pending,pilot_labels,OPTION_ROW_LABEL,FONT_NORMAL,8,208,96,96,1,,,mapped_exact_geometry,high,src/strings.c,1532,WIN_OPTIONS width=26; row label x=8; choices begin at x=104,Label must remain left of the choice region.,Inspect every Option Menu row with all values.
UI0463,gText_SoundMono,OPTION_MENU,core_ui_label,{COLOR GREEN}{SHADOW LIGHT_GREEN}MONO,pending,pilot_labels,OPTION_PAIR_CHOICE,FONT_NORMAL,104,208,94 group region,,1,option_sound,94,mapped_group_budget,high,src/strings.c,1543,left value begins x=104; right value right-aligned to x=198,Both translated values and spacing must fit together inside 94 px.,Cycle both values and inspect selection color changes.
UI0464,gText_SoundStereo,OPTION_MENU,core_ui_label,{COLOR GREEN}{SHADOW LIGHT_GREEN}STEREO,pending,pilot_labels,OPTION_PAIR_CHOICE,FONT_NORMAL,104,208,94 group region,,1,option_sound,94,mapped_group_budget,high,src/strings.c,1544,left value begins x=104; right value right-aligned to x=198,Both translated values and spacing must fit together inside 94 px.,Cycle both values and inspect selection color changes.
UI0486,gText_TellHimTheWords,MAIN_MENU,core_ui_prompt,Tell him the words.,pending,pilot_prompts,NAMING_TITLE,FONT_NORMAL,8,136,128,128,1,,,mapped_exact_geometry,high,src/strings.c,1645,WIN_TEXT_ENTRY_BOX: width=17; title printed at x=8,Expanded placeholders must also fit.,"Open player, Pokémon, Box, and Walda naming screens."
UI0487,gText_TextSpeed,OPTION_MENU,core_ui_label,TEXT SPEED,pending,pilot_labels,OPTION_ROW_LABEL,FONT_NORMAL,8,208,96,96,1,,,mapped_exact_geometry,high,src/strings.c,1529,WIN_OPTIONS width=26; row label x=8; choices begin at x=104,Label must remain left of the choice region.,Inspect every Option Menu row with all values.
UI0488,gText_TextSpeedFast,OPTION_MENU,core_ui_label,{COLOR GREEN}{SHADOW LIGHT_GREEN}FAST,pending,pilot_labels,OPTION_TRIPLE_CHOICE,FONT_NORMAL,104,208,94 group region,,1,option_text_speed,94,mapped_group_budget,high,src/strings.c,1538,first begins x=104; last right-aligned to x=198; middle position is width-derived,All three translated values must fit together inside 94 px.,Cycle all three values and inspect all selection states.
UI0489,gText_TextSpeedMid,OPTION_MENU,core_ui_label,{COLOR GREEN}{SHADOW LIGHT_GREEN}MID,pending,pilot_labels,OPTION_TRIPLE_CHOICE,FONT_NORMAL,104,208,94 group region,,1,option_text_speed,94,mapped_group_budget,high,src/strings.c,1537,first begins x=104; last right-aligned to x=198; middle position is width-derived,All three translated values must fit together inside 94 px.,Cycle all three values and inspect all selection states.
UI0490,gText_TextSpeedSlow,OPTION_MENU,core_ui_label,{COLOR GREEN}{SHADOW LIGHT_GREEN}SLOW,pending,pilot_labels,OPTION_TRIPLE_CHOICE,FONT_NORMAL,104,208,94 group region,,1,option_text_speed,94,mapped_group_budget,high,src/strings.c,1536,first begins x=104; last right-aligned to x=198; middle position is width-derived,All three translated values must fit together inside 94 px.,Cycle all three values and inspect all selection states.
UI0496,gText_ThisIsAPokemon,MAIN_MENU,system_message,This is what we call a “POKéMON.”{PAUSE 96}\p,pending,pilot_prompts,BIRCH_MESSAGE_BOX,FONT_NORMAL,0,216,216,216,2 visible lines,,,mapped_exact_geometry,high,src/strings.c,106,sNewGameBirchSpeechTextWindows[0]: width=27; AddTextPrinterForMessage,Control codes may paginate or scroll.,Start New Game and inspect Birch speech pages.
UI0533,gText_WirelessNotConnected,MAIN_MENU,core_ui_prompt,"The Wireless Adapter is not
connected.",pending,pilot_prompts,MAIN_MENU_ERROR,FONT_NORMAL,0,208,208,208,2 visible lines,,,mapped_exact_geometry,high,src/strings.c,30,"MENU_WIDTH_ERROR=26; AddTextPrinterParameterized(window 7, x=0, y=1)",Control codes may paginate or scroll.,"Trigger save corruption, battery, wireless, and Mystery feature errors."
UI0551,gText_YourName,MAIN_MENU,core_ui_prompt,YOUR NAME?,pending,pilot_prompts,NAMING_TITLE,FONT_NORMAL,8,136,128,128,1,,,mapped_exact_geometry,high,src/strings.c,1642,WIN_TEXT_ENTRY_BOX: width=17; title printed at x=8,Expanded placeholders must also fit.,"Open player, Pokémon, Box, and Walda naming screens."
UI0555,sText_AlphabetUpperLower,MAIN_MENU,core_ui_prompt,ABCDEFGHIJKLMNOPQRSTUVWXYZabcdefghijklmnopqrstuvwxyz!,pending,defer_input_architecture,NAMING_CHARSET_LOOKUP,not_rendered,,,,,,,,deferred_input_architecture,high,src/naming_screen.c,198,sText_AlphabetUpperLower is iterated as a character lookup table,"This string is runtime lookup data, not a normal label.",Requires input-system design and dedicated unit/runtime tests.
