id,global_order,chapter_order,chapter_id,chapter_title_en,chapter_title_th,event_order,event_id,event_title_en,event_title_th,map_order,map_name,map_period,location_name,dialogue_order,speaker,script_label,source_file,source_line,source_label,english_raw,english_preview,thai,translation_status,control_codes,placeholders,chronology_confidence,scope_confidence,translation_confidence,term_review,length_review,translation_notes
dlg_a33aefbe6eb63e63,73,05,devon,Devon and Dewford,เดวอนและดิวฟอร์ด,15,devon_corp,Devon Corporation,บริษัทเดวอน,15,RustboroCity_DevonCorp_1F,devon_corp,RustboroCity DevonCorp 1F,1,,RustboroCity_DevonCorp_1F_EventScript_GoodsRecovered,data/maps/RustboroCity_DevonCorp_1F/scripts.inc,103,RustboroCity_DevonCorp_1F_Text_SoundsLikeStolenGoodsRecovered,It sounds like they've recovered\nthe ripped-off DEVON GOODS.$,"It sounds like they've recovered
the ripped-off DEVON GOODS.",ดูเหมือนจะได้สินค้าเดวอน\nที่ถูกขโมยกลับมาแล้วนะ$,draft_review,\n,,high,high,high,ok,ok,
dlg_d4bd710202b46c0c,74,05,devon,Devon and Dewford,เดวอนและดิวฟอร์ด,15,devon_corp,Devon Corporation,บริษัทเดวอน,15,RustboroCity_DevonCorp_1F,devon_corp,RustboroCity DevonCorp 1F,2,,RustboroCity_DevonCorp_3F_EventScript_MeetPresident,data/maps/RustboroCity_DevonCorp_3F/scripts.inc,267,RustboroCity_DevonCorp_3F_Text_ThisIs3rdFloorWaitHere,"This is the DEVON CORPORATION's\nthird floor.\pOur PRESIDENT's OFFICE is on\nthis floor.\pAnyway, I can't tell you how much I'm\ngrateful for what you've done.\pUm… By the way, that parcel\nyou got back for us…\pCould I get you to deliver that to\nthe SHIPYARD in SLATEPORT?\pIt would be awful if those robbers\ntried to take it again.\pUh… Hehehe, so, uh, could I count\non you to do that for me?\pOh, that's right.\nCould you wait here a second?$","This is the DEVON CORPORATION's
third floor.
[PAGE]
Our PRESIDENT's OFFICE is on
this floor.
[PAGE]
Anyway, I can't tell you how much I'm
grateful for what you've done.
[PAGE]
Um… By the way, that parcel
you got back for us…
[PAGE]
Could I get you to deliver that to
the SHIPYARD in SLATEPORT?
[PAGE]
It would be awful if those robbers
tried to take it again.
[PAGE]
Uh… Hehehe, so, uh, could I count
on you to do that for me?
[PAGE]
Oh, that's right.
Could you wait here a second?",ที่นี่คือชั้นสาม\nของบริษัทเดวอน\pห้องประธานอยู่\nบนชั้นนี้\pไม่รู้จะขอบคุณคุณ\nยังไงถึงจะพอจริง ๆ\pเอ่อ… ว่าแต่พัสดุที่\nคุณเอากลับมาให้เรา…\pช่วยนำไปส่งที่อู่ต่อเรือ\nในไคไนได้ไหม?\pคงแย่มากถ้าพวกโจร\nมาชิงไปอีก\pเอ่อ… แหะ ๆ คือว่า ฝากคุณ\nจัดการเรื่องนี้ได้ไหม?\pอ้อ จริงสิ\nช่วยรอตรงนี้สักครู่นะ$,draft_review,\n | \p | \n | \p | \n | \p | \n | \p | \n | \p | \n | \p | \n | \p | \n,,high,high,high,ok,review_long_page,LINEBREAK_ADJUSTED
dlg_ef91cab884e7930d,75,05,devon,Devon and Dewford,เดวอนและดิวฟอร์ด,15,devon_corp,Devon Corporation,บริษัทเดวอน,15,RustboroCity_DevonCorp_1F,devon_corp,RustboroCity DevonCorp 1F,3,,RustboroCity_DevonCorp_3F_EventScript_MeetPresident,data/maps/RustboroCity_DevonCorp_3F/scripts.inc,285,RustboroCity_DevonCorp_3F_Text_WordWithPresidentComeWithMe,Our PRESIDENT would like to have\na word with you.\pPlease come with me.$,"Our PRESIDENT would like to have
a word with you.
[PAGE]
Please come with me.",ท่านประธานอยาก\nคุยกับคุณหน่อย\pเชิญตามผมมาครับ$,draft_review,\n | \p,,high,high,high,ok,ok,
dlg_6c5f3fd5f4fa792e,76,05,devon,Devon and Dewford,เดวอนและดิวฟอร์ด,15,devon_corp,Devon Corporation,บริษัทเดวอน,15,RustboroCity_DevonCorp_1F,devon_corp,RustboroCity DevonCorp 1F,4,,RustboroCity_DevonCorp_3F_EventScript_MeetPresident,data/maps/RustboroCity_DevonCorp_3F/scripts.inc,290,RustboroCity_DevonCorp_3F_Text_PleaseGoAhead,"Please, go ahead.$","Please, go ahead.",เชิญเข้าไปได้เลยครับ$,draft_review,,,high,high,high,ok,ok,
dlg_52b589c9fb152fe9,77,05,devon,Devon and Dewford,เดวอนและดิวฟอร์ด,15,devon_corp,Devon Corporation,บริษัทเดวอน,15,RustboroCity_DevonCorp_1F,devon_corp,RustboroCity DevonCorp 1F,5,,RustboroCity_DevonCorp_3F_EventScript_MeetPresident,data/maps/RustboroCity_DevonCorp_3F/scripts.inc,197,RustboroCity_DevonCorp_3F_Text_MrStoneIHaveFavor,"I'm MR. STONE, the PRESIDENT of\nthe DEVON CORPORATION.\pI'd just got word about you!\pYou saved our staff not just once,\nbut twice!\pI have a favor to ask of an amazing\nperson like you.\pI understand that you're delivering\na package to SLATEPORT's SHIPYARD.\pWell, on the way, could you stop off in\nDEWFORD TOWN?\pI was hoping that you'd deliver a\nLETTER to STEVEN in DEWFORD.$","I'm MR. STONE, the PRESIDENT of
the DEVON CORPORATION.
[PAGE]
I'd just got word about you!
[PAGE]
You saved our staff not just once,
but twice!
[PAGE]
I have a favor to ask of an amazing
person like you.
[PAGE]
I understand that you're delivering
a package to SLATEPORT's SHIPYARD.
[PAGE]
Well, on the way, could you stop off in
DEWFORD TOWN?
[PAGE]
I was hoping that you'd deliver a
LETTER to STEVEN in DEWFORD.",ผมคือประธานสึวาบุกิ\nแห่งบริษัทเดวอน\pผมเพิ่งได้ยินเรื่องของคุณ!\pคุณช่วยพนักงานของเราไว้\nถึงสองครั้ง!\pผมมีเรื่องอยากขอร้อง\nคนเก่งอย่างคุณ\pได้ยินว่าคุณจะนำพัสดุไปส่ง\nที่อู่ต่อเรือในไคไน\pระหว่างทางช่วยแวะ\nเมืองมุโระได้ไหม?\pผมอยากให้คุณนำจดหมาย\nไปส่งให้ไดโกะที่มุโระ$,draft_review,\n | \p | \p | \n | \p | \n | \p | \n | \p | \n | \p | \n,,high,high,medium,review,review_long_page,LINEBREAK_ADJUSTED
dlg_d944c62595a62903,78,05,devon,Devon and Dewford,เดวอนและดิวฟอร์ด,15,devon_corp,Devon Corporation,บริษัทเดวอน,15,RustboroCity_DevonCorp_1F,devon_corp,RustboroCity DevonCorp 1F,6,,RustboroCity_DevonCorp_3F_EventScript_MeetPresident,data/maps/RustboroCity_DevonCorp_3F/scripts.inc,212,RustboroCity_DevonCorp_3F_Text_MrStoneWantYouToHaveThis,"MR. STONE: Now, you should know that\nI am a great PRESIDENT.\pSo, I'd never be so cheap as to ask\na favor for nothing in return.\pThat's why I want you to have this!$","MR. STONE: Now, you should know that
I am a great PRESIDENT.
[PAGE]
So, I'd never be so cheap as to ask
a favor for nothing in return.
[PAGE]
That's why I want you to have this!",ประธานสึวาบุกิ: คุณควรรู้ไว้นะว่า\nผมเป็นประธานผู้ยิ่งใหญ่\pผมจึงไม่ขอให้ใครช่วยฟรี ๆ\nโดยไม่มีสิ่งตอบแทนแน่นอน\pเพราะอย่างนั้น ผมอยากมอบนี่ให้คุณ!$,draft_review,\n | \p | \n | \p,,high,high,high,ok,ok,
dlg_8cdabd7f75be9916,79,05,devon,Devon and Dewford,เดวอนและดิวฟอร์ด,15,devon_corp,Devon Corporation,บริษัทเดวอน,15,RustboroCity_DevonCorp_1F,devon_corp,RustboroCity DevonCorp 1F,7,,RustboroCity_DevonCorp_3F_EventScript_MeetPresident,data/maps/RustboroCity_DevonCorp_3F/scripts.inc,219,RustboroCity_DevonCorp_3F_Text_ReceivedPokenav,{PLAYER} received a POKéNAV.$,{PLAYER} received a POKéNAV.,{PLAYER} ได้รับโปเกนาวี$,draft_review,{PLAYER},{PLAYER},high,high,high,ok,ok,
dlg_6e4ba929b10c625c,80,05,devon,Devon and Dewford,เดวอนและดิวฟอร์ด,15,devon_corp,Devon Corporation,บริษัทเดวอน,15,RustboroCity_DevonCorp_1F,devon_corp,RustboroCity DevonCorp 1F,8,,RustboroCity_DevonCorp_3F_EventScript_MeetPresident,data/maps/RustboroCity_DevonCorp_3F/scripts.inc,222,RustboroCity_DevonCorp_3F_Text_MrStoneExplainPokenavRestUp,"MR. STONE: That device…\pIt's a POKéMON NAVIGATOR, or POKéNAV\nfor short.\pIt's an indispensable tool for any\nTRAINER on an adventure.\pIt has a map of the HOENN region.\pYou can check the locations of\nDEWFORD and SLATEPORT easily!\pBy the way, I've heard that sinister\ncriminals--MAGMA and AQUA, I believe--\lhave been making trouble far and wide.\pI think it would be best if you rested\nup before you go on your way.$","MR. STONE: That device…
[PAGE]
It's a POKéMON NAVIGATOR, or POKéNAV
for short.
[PAGE]
It's an indispensable tool for any
TRAINER on an adventure.
[PAGE]
It has a map of the HOENN region.
[PAGE]
You can check the locations of
DEWFORD and SLATEPORT easily!
[PAGE]
By the way, I've heard that sinister
criminals--MAGMA and AQUA, I believe--
have been making trouble far and wide.
[PAGE]
I think it would be best if you rested
up before you go on your way.",ประธานสึวาบุกิ: อุปกรณ์ชิ้นนั้น…\pชื่อเต็มคือโปเกมอนเนวิเกเตอร์\nหรือเรียกสั้น ๆ ว่าโปเกนาวี\pเป็นเครื่องมือที่ขาดไม่ได้สำหรับ\nเทรนเนอร์ผู้ออกผจญภัย\pในนั้นมีแผนที่ภูมิภาคโฮเอ็น\pคุณตรวจดูตำแหน่งของ\nมุโระกับไคไนได้ง่าย ๆ!\pว่าแต่ ผมได้ยินว่าพวกอาชญากร\nที่เรียกว่าทีมแมกมากับทีมอควา\lกำลังก่อเรื่องไปทั่ว\pพักผ่อนให้เต็มที่ก่อน\nออกเดินทางต่อจะดีกว่านะ$,draft_review,\p | \n | \p | \n | \p | \p | \n | \p | \n | \l | \p | \n,,high,high,medium,review,review_long_page,LINEBREAK_ADJUSTED
dlg_80a46ed9b55cf555,81,05,devon,Devon and Dewford,เดวอนและดิวฟอร์ด,15,devon_corp,Devon Corporation,บริษัทเดวอน,15,RustboroCity_DevonCorp_1F,devon_corp,RustboroCity DevonCorp 1F,9,,RustboroCity_DevonCorp_3F_EventScript_MeetPresident,data/maps/RustboroCity_DevonCorp_3F/scripts.inc,237,RustboroCity_DevonCorp_3F_Text_MrStoneGoWithCautionAndCare,"MR. STONE: Well, then, {PLAYER}{KUN},\ngo with caution and care!$","MR. STONE: Well, then, {PLAYER}{KUN},
go with caution and care!",ประธานสึวาบุกิ: ถ้าอย่างนั้น {PLAYER}{KUN}\nเดินทางอย่างระมัดระวังนะ!$,draft_review,{PLAYER} | {KUN} | \n,{PLAYER},high,high,high,ok,ok,
