ui_id,symbol,source_text,target_text_th,profile_id,renderer,route_or_designator,font_id,hard_width_px,window_height_px,max_lines,target_line_count,line_widths_px,max_expanded_width_px,remaining_px,source_tokens,test_expansion,thai_run_count,shaped_command_bytes,source_file,source_line,semantic_note,final_revision_status,translation_review_status,source_injection_status,shaper_result,width_result,rom_build_status,rom_sha256,visual_qa_status,qa_note
UI0005,gText_Able3,ABLE!,เรียนรู้ได้!,PM_PROMPT_DESC_NORMAL_64x16,DisplayPartyPokemonDescriptionText,sDescriptionStringTable,FONT_NORMAL,64,16,1,1,46,46,18,,เรียนรู้ได้!,1,56,src/strings.c,465,"สถานะว่าโปเกมอนสามารถเรียนท่าจาก TM/HM, Move Tutor หรือ Move Relearner ได้",approved_from_review_v1,approved,pass,pass,pass,pass,9781d48c2f86d132f4c61155c946674a15b1222c1bc4973c7b9b7ac3c36fc9b1,proof_passed,Automated source/token/shaper/width checks passed; final normal ROM build passed. User-confirmed runtime gallery passed 14/14 pages and 49/49 prompts. Full-message first-glyph clipping at x=0 was corrected by the Party Menu PrintMessage x=1 renderer origin; V5 pages 08-14 confirmed the fix.
UI0007,gText_AlreadyHoldingOne,"{STR_VAR_1} is already holding
one {STR_VAR_2}.","{STR_VAR_1} ถือ
{STR_VAR_2} อยู่แล้ว",PM_PROMPT_STD_HOLDING_NORMAL_160x32,DisplayPartyMenuStdMessage,PARTY_MSG_ALREADY_HOLDING_ONE,FONT_NORMAL,160,32,2,2,75;118,118,42,{STR_VAR_1};{STR_VAR_2},"WWWWWWWWWW ถือ
WWWWWWWWWWWWWW อยู่แล้ว",2,56,src/strings.c,457,STR_VAR_1 คือชื่อโปเกมอน และ STR_VAR_2 คือชื่อไอเทม,approved_from_review_v1,approved,pass,pass,pass,pass,9781d48c2f86d132f4c61155c946674a15b1222c1bc4973c7b9b7ac3c36fc9b1,proof_passed,Automated source/token/shaper/width checks passed; final normal ROM build passed. User-confirmed runtime gallery passed 14/14 pages and 49/49 prompts. Full-message first-glyph clipping at x=0 was corrected by the Party Menu PrintMessage x=1 renderer origin; V5 pages 08-14 confirmed the fix.
UI0009,gText_AlreadySurfing,You're already SURFING.,กำลังใช้ SURF อยู่แล้ว,PM_PROMPT_STD_DEFAULT_NORMAL_168x16,DisplayPartyMenuStdMessage,PARTY_MSG_ALREADY_SURFING,FONT_NORMAL,168,16,1,1,93,93,75,,กำลังใช้ SURF อยู่แล้ว,2,80,src/strings.c,440,คงชื่อท่า SURF เป็นภาษาอังกฤษตามนโยบายชื่อท่า,approved_from_review_v1,approved,pass,pass,pass,pass,9781d48c2f86d132f4c61155c946674a15b1222c1bc4973c7b9b7ac3c36fc9b1,proof_passed,Automated source/token/shaper/width checks passed; final normal ROM build passed. User-confirmed runtime gallery passed 14/14 pages and 49/49 prompts. Full-message first-glyph clipping at x=0 was corrected by the Party Menu PrintMessage x=1 renderer origin; V5 pages 08-14 confirmed the fix.
UI0040,gText_BoostPP,Boost PP of which move?,เพิ่ม PP ให้ท่าไหน?,PM_PROMPT_STD_MOVE_NORMAL_128x16,DisplayPartyMenuStdMessage,PARTY_MSG_BOOST_PP_WHICH_MOVE,FONT_NORMAL,128,16,1,1,88,88,40,,เพิ่ม PP ให้ท่าไหน?,2,80,src/strings.c,443,เลือกท่าที่ต้องการเพิ่มค่า PP สูงสุด,approved_from_review_v1,approved,pass,pass,pass,pass,9781d48c2f86d132f4c61155c946674a15b1222c1bc4973c7b9b7ac3c36fc9b1,proof_passed,Automated source/token/shaper/width checks passed; final normal ROM build passed. User-confirmed runtime gallery passed 14/14 pages and 49/49 prompts. Full-message first-glyph clipping at x=0 was corrected by the Party Menu PrintMessage x=1 renderer origin; V5 pages 08-14 confirmed the fix.
UI0058,gText_CancelBattle,Cancel the battle?,ยกเลิกการต่อสู้?,PM_PROMPT_FULL_MESSAGE_NORMAL_224x32,DisplayPartyMenuMessage -> PrintMessage,DisplayPartyMenuMessage / indirect full-message route,FONT_NORMAL,223,32,2,1,68,68,155,,ยกเลิกการต่อสู้?,1,88,src/strings.c,473,ยืนยันยกเลิกการต่อสู้ในโหมดที่เกี่ยวข้อง,approved_from_review_v1,approved,pass,pass,pass,pass,9781d48c2f86d132f4c61155c946674a15b1222c1bc4973c7b9b7ac3c36fc9b1,proof_passed,Automated source/token/shaper/width checks passed; final normal ROM build passed. User-confirmed runtime gallery passed 14/14 pages and 49/49 prompts. Full-message first-glyph clipping at x=0 was corrected by the Party Menu PrintMessage x=1 renderer origin; V5 pages 08-14 confirmed the fix.
UI0059,gText_CancelChallenge,Cancel the challenge?,ยกเลิกการท้าทาย?,PM_PROMPT_FULL_MESSAGE_NORMAL_224x32,DisplayPartyMenuMessage -> PrintMessage,DisplayPartyMenuMessage / indirect full-message route,FONT_NORMAL,223,32,2,1,77,77,146,,ยกเลิกการท้าทาย?,1,104,src/strings.c,475,ยืนยันยกเลิกชาเลนจ์ของ Battle Frontier,approved_from_review_v1,approved,pass,pass,pass,pass,9781d48c2f86d132f4c61155c946674a15b1222c1bc4973c7b9b7ac3c36fc9b1,proof_passed,Automated source/token/shaper/width checks passed; final normal ROM build passed. User-confirmed runtime gallery passed 14/14 pages and 49/49 prompts. Full-message first-glyph clipping at x=0 was corrected by the Party Menu PrintMessage x=1 renderer origin; V5 pages 08-14 confirmed the fix.
UI0060,gText_CancelParticipation,Cancel participation?,ยกเลิกการเข้าร่วม?,PM_PROMPT_FULL_MESSAGE_NORMAL_224x32,DisplayPartyMenuMessage -> PrintMessage,DisplayPartyMenuMessage / indirect full-message route,FONT_NORMAL,223,32,2,1,81,81,142,,ยกเลิกการเข้าร่วม?,1,112,src/strings.c,472,ยืนยันยกเลิกการเข้าร่วม Contest,approved_from_review_v1,approved,pass,pass,pass,pass,9781d48c2f86d132f4c61155c946674a15b1222c1bc4973c7b9b7ac3c36fc9b1,proof_passed,Automated source/token/shaper/width checks passed; final normal ROM build passed. User-confirmed runtime gallery passed 14/14 pages and 49/49 prompts. Full-message first-glyph clipping at x=0 was corrected by the Party Menu PrintMessage x=1 renderer origin; V5 pages 08-14 confirmed the fix.
UI0064,gText_CantSurfHere,You can't SURF here.,ใช้ SURF ที่นี่ไม่ได้,PM_PROMPT_STD_DEFAULT_NORMAL_168x16,DisplayPartyMenuStdMessage,PARTY_MSG_CANT_SURF_HERE,FONT_NORMAL,168,16,1,1,83,83,85,,ใช้ SURF ที่นี่ไม่ได้,2,64,src/strings.c,439,คงชื่อท่า SURF เป็นภาษาอังกฤษตามนโยบายชื่อท่า,approved_from_review_v1,approved,pass,pass,pass,pass,9781d48c2f86d132f4c61155c946674a15b1222c1bc4973c7b9b7ac3c36fc9b1,proof_passed,Automated source/token/shaper/width checks passed; final normal ROM build passed. User-confirmed runtime gallery passed 14/14 pages and 49/49 prompts. Full-message first-glyph clipping at x=0 was corrected by the Party Menu PrintMessage x=1 renderer origin; V5 pages 08-14 confirmed the fix.
UI0066,gText_CantTradeWithTrainer,"You can't trade with that
TRAINER now.","ตอนนี้แลกเปลี่ยนกับ
เทรนเนอร์คนนั้นไม่ได้",PM_PROMPT_FULL_MESSAGE_NORMAL_224x32,DisplayPartyMenuMessage -> PrintMessage,DisplayPartyMenuMessage / indirect full-message route,FONT_NORMAL,223,32,2,2,92;104,104,119,,"ตอนนี้แลกเปลี่ยนกับ
เทรนเนอร์คนนั้นไม่ได้",2,240,src/strings.c,491,ข้อความข้อจำกัดการแลกเปลี่ยนใน Union Room,approved_from_review_v1,approved,pass,pass,pass,pass,9781d48c2f86d132f4c61155c946674a15b1222c1bc4973c7b9b7ac3c36fc9b1,proof_passed,Automated source/token/shaper/width checks passed; final normal ROM build passed. User-confirmed runtime gallery passed 14/14 pages and 49/49 prompts. Full-message first-glyph clipping at x=0 was corrected by the Party Menu PrintMessage x=1 renderer origin; V5 pages 08-14 confirmed the fix.
UI0067,gText_CantUseHere,Can't use that here.,ใช้ที่นี่ไม่ได้,PM_PROMPT_STD_DEFAULT_NORMAL_168x16,DisplayPartyMenuStdMessage,PARTY_MSG_CANT_USE_HERE,FONT_NORMAL,168,16,1,1,53,53,115,,ใช้ที่นี่ไม่ได้,1,64,src/strings.c,441,ข้อความทั่วไปเมื่อใช้คำสั่งภาคสนามไม่ได้,approved_from_review_v1,approved,pass,pass,pass,pass,9781d48c2f86d132f4c61155c946674a15b1222c1bc4973c7b9b7ac3c36fc9b1,proof_passed,Automated source/token/shaper/width checks passed; final normal ROM build passed. User-confirmed runtime gallery passed 14/14 pages and 49/49 prompts. Full-message first-glyph clipping at x=0 was corrected by the Party Menu PrintMessage x=1 renderer origin; V5 pages 08-14 confirmed the fix.
UI0072,gText_ChoosePokemon,Choose a POKéMON.,เลือกโปเกมอน,PM_PROMPT_STD_DEFAULT_NORMAL_168x16,DisplayPartyMenuStdMessage,PARTY_MSG_CHOOSE_MON,FONT_NORMAL,168,16,1,1,65,65,103,,เลือกโปเกมอน,1,88,src/strings.c,432,ข้อความให้เลือกโปเกมอนหนึ่งตัว,approved_from_review_v1,approved,pass,pass,pass,pass,9781d48c2f86d132f4c61155c946674a15b1222c1bc4973c7b9b7ac3c36fc9b1,proof_passed,Automated source/token/shaper/width checks passed; final normal ROM build passed. User-confirmed runtime gallery passed 14/14 pages and 49/49 prompts. Full-message first-glyph clipping at x=0 was corrected by the Party Menu PrintMessage x=1 renderer origin; V5 pages 08-14 confirmed the fix.
UI0073,gText_ChoosePokemon2,Choose a POKéMON.,เลือกโปเกมอน,PM_PROMPT_STD_DEFAULT_NORMAL_168x16,DisplayPartyMenuStdMessage,PARTY_MSG_CHOOSE_MON_2,FONT_NORMAL,168,16,1,1,65,65,103,,เลือกโปเกมอน,1,88,src/strings.c,446,ข้อความให้เลือกโปเกมอนในเส้นทางเมนูอีกชุด,approved_from_review_v1,approved,pass,pass,pass,pass,9781d48c2f86d132f4c61155c946674a15b1222c1bc4973c7b9b7ac3c36fc9b1,proof_passed,Automated source/token/shaper/width checks passed; final normal ROM build passed. User-confirmed runtime gallery passed 14/14 pages and 49/49 prompts. Full-message first-glyph clipping at x=0 was corrected by the Party Menu PrintMessage x=1 renderer origin; V5 pages 08-14 confirmed the fix.
UI0074,gText_ChoosePokemonCancel,Choose POKéMON or CANCEL.,เลือกโปเกมอนหรือยกเลิก,PM_PROMPT_STD_DEFAULT_NORMAL_168x16,DisplayPartyMenuStdMessage,PARTY_MSG_CHOOSE_MON_OR_CANCEL,FONT_NORMAL,168,16,1,1,112,112,56,,เลือกโปเกมอนหรือยกเลิก,1,152,src/strings.c,453,เลือกโปเกมอนหรือออกจากขั้นตอน,approved_from_review_v1,approved,pass,pass,pass,pass,9781d48c2f86d132f4c61155c946674a15b1222c1bc4973c7b9b7ac3c36fc9b1,proof_passed,Automated source/token/shaper/width checks passed; final normal ROM build passed. User-confirmed runtime gallery passed 14/14 pages and 49/49 prompts. Full-message first-glyph clipping at x=0 was corrected by the Party Menu PrintMessage x=1 renderer origin; V5 pages 08-14 confirmed the fix.
UI0075,gText_ChoosePokemonConfirm,Choose POKéMON and confirm.,เลือกโปเกมอนและยืนยัน,PM_PROMPT_STD_DEFAULT_NORMAL_168x16,DisplayPartyMenuStdMessage,PARTY_MSG_CHOOSE_MON_AND_CONFIRM,FONT_NORMAL,168,16,1,1,111,111,57,,เลือกโปเกมอนและยืนยัน,1,144,src/strings.c,454,เลือกโปเกมอนแล้วดำเนินการยืนยัน,approved_from_review_v1,approved,pass,pass,pass,pass,9781d48c2f86d132f4c61155c946674a15b1222c1bc4973c7b9b7ac3c36fc9b1,proof_passed,Automated source/token/shaper/width checks passed; final normal ROM build passed. User-confirmed runtime gallery passed 14/14 pages and 49/49 prompts. Full-message first-glyph clipping at x=0 was corrected by the Party Menu PrintMessage x=1 renderer origin; V5 pages 08-14 confirmed the fix.
UI0087,gText_CurrentIsTooFast,The current is much too fast!,กระแสน้ำเชี่ยวเกินไป!,PM_PROMPT_STD_DEFAULT_NORMAL_168x16,DisplayPartyMenuStdMessage,PARTY_MSG_CURRENT_TOO_FAST,FONT_NORMAL,168,16,1,1,97,97,71,,กระแสน้ำเชี่ยวเกินไป!,1,120,src/strings.c,451,ใช้เมื่อกระแสน้ำขัดขวางการเคลื่อนที่,approved_from_review_v1,approved,pass,pass,pass,pass,9781d48c2f86d132f4c61155c946674a15b1222c1bc4973c7b9b7ac3c36fc9b1,proof_passed,Automated source/token/shaper/width checks passed; final normal ROM build passed. User-confirmed runtime gallery passed 14/14 pages and 49/49 prompts. Full-message first-glyph clipping at x=0 was corrected by the Party Menu PrintMessage x=1 renderer origin; V5 pages 08-14 confirmed the fix.
UI0176,gText_DoWhatWithItem,Do what with an item?,จะทำอะไรกับไอเทม?,PM_PROMPT_STD_ITEM_NORMAL_160x16,DisplayPartyMenuStdMessage,PARTY_MSG_DO_WHAT_WITH_ITEM,FONT_NORMAL,160,16,1,1,93,93,67,,จะทำอะไรกับไอเทม?,1,112,src/strings.c,444,หัวข้อเมนูจัดการไอเทมที่ถืออยู่,approved_from_review_v1,approved,pass,pass,pass,pass,9781d48c2f86d132f4c61155c946674a15b1222c1bc4973c7b9b7ac3c36fc9b1,proof_passed,Automated source/token/shaper/width checks passed; final normal ROM build passed. User-confirmed runtime gallery passed 14/14 pages and 49/49 prompts. Full-message first-glyph clipping at x=0 was corrected by the Party Menu PrintMessage x=1 renderer origin; V5 pages 08-14 confirmed the fix.
UI0177,gText_DoWhatWithMail,Do what with the MAIL?,จะทำอะไรกับจดหมาย?,PM_PROMPT_STD_MAIL_NORMAL_144x16,DisplayPartyMenuStdMessage,PARTY_MSG_DO_WHAT_WITH_MAIL,FONT_NORMAL,144,16,1,1,100,100,44,,จะทำอะไรกับจดหมาย?,1,120,src/strings.c,452,หัวข้อเมนูจัดการจดหมายที่ถืออยู่,approved_from_review_v1,approved,pass,pass,pass,pass,9781d48c2f86d132f4c61155c946674a15b1222c1bc4973c7b9b7ac3c36fc9b1,proof_passed,Automated source/token/shaper/width checks passed; final normal ROM build passed. User-confirmed runtime gallery passed 14/14 pages and 49/49 prompts. Full-message first-glyph clipping at x=0 was corrected by the Party Menu PrintMessage x=1 renderer origin; V5 pages 08-14 confirmed the fix.
UI0178,gText_DoWhatWithPokemon,Do what with this {PKMN}?,จะทำอะไรกับ{PKMN}?,PM_PROMPT_STD_MON_NORMAL_128x16,DisplayPartyMenuStdMessage,PARTY_MSG_DO_WHAT_WITH_MON,FONT_NORMAL,128,16,1,1,79,79,49,{PKMN},จะทำอะไรกับ{PKMN}?,1,72,src/strings.c,437,เก็บโทเคน {PKMN} ซึ่งเป็นสัญลักษณ์คำว่า Pokémon ของเกม,approved_from_review_v1,approved,pass,pass,pass,pass,9781d48c2f86d132f4c61155c946674a15b1222c1bc4973c7b9b7ac3c36fc9b1,proof_passed,Automated source/token/shaper/width checks passed; final normal ROM build passed. User-confirmed runtime gallery passed 14/14 pages and 49/49 prompts. Full-message first-glyph clipping at x=0 was corrected by the Party Menu PrintMessage x=1 renderer origin; V5 pages 08-14 confirmed the fix.
UI0182,gText_EggCantBeTradedNow,An EGG can't be traded now.,ตอนนี้แลกเปลี่ยนไข่ไม่ได้,PM_PROMPT_FULL_MESSAGE_NORMAL_224x32,DisplayPartyMenuMessage -> PrintMessage,DisplayPartyMenuMessage / indirect full-message route,FONT_NORMAL,223,32,2,1,117,117,106,,ตอนนี้แลกเปลี่ยนไข่ไม่ได้,1,144,src/strings.c,485,ข้อจำกัดการแลกเปลี่ยนไข่,approved_from_review_v1,approved,pass,pass,pass,pass,9781d48c2f86d132f4c61155c946674a15b1222c1bc4973c7b9b7ac3c36fc9b1,proof_passed,Automated source/token/shaper/width checks passed; final normal ROM build passed. User-confirmed runtime gallery passed 14/14 pages and 49/49 prompts. Full-message first-glyph clipping at x=0 was corrected by the Party Menu PrintMessage x=1 renderer origin; V5 pages 08-14 confirmed the fix.
UI0191,gText_EnjoyCycling,Let's enjoy cycling!,ปั่นจักรยานกันเถอะ!,PM_PROMPT_STD_DEFAULT_NORMAL_168x16,DisplayPartyMenuStdMessage,PARTY_MSG_ENJOY_CYCLING,FONT_NORMAL,168,16,1,1,89,89,79,,ปั่นจักรยานกันเถอะ!,1,112,src/strings.c,455,ข้อความเมื่ออยู่ในสถานะปั่นจักรยาน,approved_from_review_v1,approved,pass,pass,pass,pass,9781d48c2f86d132f4c61155c946674a15b1222c1bc4973c7b9b7ac3c36fc9b1,proof_passed,Automated source/token/shaper/width checks passed; final normal ROM build passed. User-confirmed runtime gallery passed 14/14 pages and 49/49 prompts. Full-message first-glyph clipping at x=0 was corrected by the Party Menu PrintMessage x=1 renderer origin; V5 pages 08-14 confirmed the fix.
UI0193,gText_EscapeFromHere,"Want to escape from here and return
to {STR_VAR_1}?","จะหนีจากที่นี่แล้วกลับ
ไปยัง {STR_VAR_1}?",PM_PROMPT_FULL_MESSAGE_NORMAL_224x32,DisplayPartyMenuMessage -> PrintMessage,DisplayPartyMenuMessage / indirect full-message route,FONT_NORMAL,223,32,2,2,95;140,140,83,{STR_VAR_1},"จะหนีจากที่นี่แล้วกลับ
ไปยัง WWWWWWWWWWWWWWWWWW?",2,152,src/strings.c,476,ใช้กับ DIG โดย STR_VAR_1 คือชื่อสถานที่ปลายทาง,approved_from_review_v1,approved,pass,pass,pass,pass,9781d48c2f86d132f4c61155c946674a15b1222c1bc4973c7b9b7ac3c36fc9b1,proof_passed,Automated source/token/shaper/width checks passed; final normal ROM build passed. User-confirmed runtime gallery passed 14/14 pages and 49/49 prompts. Full-message first-glyph clipping at x=0 was corrected by the Party Menu PrintMessage x=1 renderer origin; V5 pages 08-14 confirmed the fix.
UI0215,gText_GiveToWhichPokemon,Give to which POKéMON?,จะให้โปเกมอนตัวไหน?,PM_PROMPT_STD_DEFAULT_NORMAL_168x16,DisplayPartyMenuStdMessage,PARTY_MSG_GIVE_TO_WHICH_MON,FONT_NORMAL,168,16,1,1,107,107,61,,จะให้โปเกมอนตัวไหน?,1,128,src/strings.c,436,เลือกโปเกมอนที่จะรับไอเทม,approved_from_review_v1,approved,pass,pass,pass,pass,9781d48c2f86d132f4c61155c946674a15b1222c1bc4973c7b9b7ac3c36fc9b1,proof_passed,Automated source/token/shaper/width checks passed; final normal ROM build passed. User-confirmed runtime gallery passed 14/14 pages and 49/49 prompts. Full-message first-glyph clipping at x=0 was corrected by the Party Menu PrintMessage x=1 renderer origin; V5 pages 08-14 confirmed the fix.
UI0232,gText_InUseAlready_PM,This is in use already.,กำลังใช้อยู่แล้ว,PM_PROMPT_STD_DEFAULT_NORMAL_168x16,DisplayPartyMenuStdMessage,PARTY_MSG_ALREADY_IN_USE,FONT_NORMAL,168,16,1,1,63,63,105,,กำลังใช้อยู่แล้ว,1,80,src/strings.c,456,คำสั่งหรือไอเทมดังกล่าวกำลังถูกใช้งานอยู่,approved_from_review_v1,approved,pass,pass,pass,pass,9781d48c2f86d132f4c61155c946674a15b1222c1bc4973c7b9b7ac3c36fc9b1,proof_passed,Automated source/token/shaper/width checks passed; final normal ROM build passed. User-confirmed runtime gallery passed 14/14 pages and 49/49 prompts. Full-message first-glyph clipping at x=0 was corrected by the Party Menu PrintMessage x=1 renderer origin; V5 pages 08-14 confirmed the fix.
UI0252,gText_MailMessageWillBeLost,"If the MAIL is removed, the
message will be lost. Okay?","ถ้าเอาจดหมายออก
ข้อความจะหาย ตกลง?",PM_PROMPT_FULL_MESSAGE_NORMAL_224x32,DisplayPartyMenuMessage -> PrintMessage,DisplayPartyMenuMessage / indirect full-message route,FONT_NORMAL,223,32,2,2,79;96,96,127,,"ถ้าเอาจดหมายออก
ข้อความจะหาย ตกลง?",3,232,src/strings.c,393,เตือนว่าข้อความในจดหมายจะหายเมื่อเอาออก,approved_from_review_v1,approved,pass,pass,pass,pass,9781d48c2f86d132f4c61155c946674a15b1222c1bc4973c7b9b7ac3c36fc9b1,proof_passed,Automated source/token/shaper/width checks passed; final normal ROM build passed. User-confirmed runtime gallery passed 14/14 pages and 49/49 prompts. Full-message first-glyph clipping at x=0 was corrected by the Party Menu PrintMessage x=1 renderer origin; V5 pages 08-14 confirmed the fix.
UI0294,gText_MoveToWhere,Move to where?,ย้ายไปตรงไหน?,PM_PROMPT_STD_DEFAULT_NORMAL_168x16,DisplayPartyMenuStdMessage,PARTY_MSG_MOVE_TO_WHERE,FONT_NORMAL,168,16,1,1,72,72,96,,ย้ายไปตรงไหน?,1,88,src/strings.c,433,เลือกตำแหน่งปลายทางในทีม,approved_from_review_v1,approved,pass,pass,pass,pass,9781d48c2f86d132f4c61155c946674a15b1222c1bc4973c7b9b7ac3c36fc9b1,proof_passed,Automated source/token/shaper/width checks passed; final normal ROM build passed. User-confirmed runtime gallery passed 14/14 pages and 49/49 prompts. Full-message first-glyph clipping at x=0 was corrected by the Party Menu PrintMessage x=1 renderer origin; V5 pages 08-14 confirmed the fix.
UI0313,gText_NoIdenticalHoldItems,No identical hold items.,ห้ามถือไอเทมซ้ำกัน,PM_PROMPT_STD_DEFAULT_NORMAL_168x16,DisplayPartyMenuStdMessage,PARTY_MSG_NO_SAME_HOLD_ITEMS,FONT_NORMAL,168,16,1,1,85,85,83,,ห้ามถือไอเทมซ้ำกัน,1,104,src/strings.c,450,ข้อกำหนดว่าโปเกมอนในทีมต้องถือไอเทมต่างกัน,approved_from_review_v1,approved,pass,pass,pass,pass,9781d48c2f86d132f4c61155c946674a15b1222c1bc4973c7b9b7ac3c36fc9b1,proof_passed,Automated source/token/shaper/width checks passed; final normal ROM build passed. User-confirmed runtime gallery passed 14/14 pages and 49/49 prompts. Full-message first-glyph clipping at x=0 was corrected by the Party Menu PrintMessage x=1 renderer origin; V5 pages 08-14 confirmed the fix.
UI0320,gText_NoPokemonForBattle,No POKéMON for battle!,ไม่มีโปเกมอนสำหรับต่อสู้!,PM_PROMPT_STD_DEFAULT_NORMAL_168x16,DisplayPartyMenuStdMessage,PARTY_MSG_NO_MON_FOR_BATTLE,FONT_NORMAL,168,16,1,1,115,115,53,,ไม่มีโปเกมอนสำหรับต่อสู้!,1,136,src/strings.c,445,ไม่เหลือโปเกมอนที่ใช้เข้าสู่การต่อสู้ได้,approved_from_review_v1,approved,pass,pass,pass,pass,9781d48c2f86d132f4c61155c946674a15b1222c1bc4973c7b9b7ac3c36fc9b1,proof_passed,Automated source/token/shaper/width checks passed; final normal ROM build passed. User-confirmed runtime gallery passed 14/14 pages and 49/49 prompts. Full-message first-glyph clipping at x=0 was corrected by the Party Menu PrintMessage x=1 renderer origin; V5 pages 08-14 confirmed the fix.
UI0323,gText_NoUse,No use.,ใช้ไม่ได้,PM_PROMPT_DESC_NORMAL_64x16,DisplayPartyPokemonDescriptionText,sDescriptionStringTable,FONT_NORMAL,64,16,1,1,38,38,26,,ใช้ไม่ได้,1,48,src/strings.c,458,ไอเทมหรือ Evolution Stone ใช้กับโปเกมอนนี้ไม่ได้,approved_from_review_v1,approved,pass,pass,pass,pass,9781d48c2f86d132f4c61155c946674a15b1222c1bc4973c7b9b7ac3c36fc9b1,proof_passed,Automated source/token/shaper/width checks passed; final normal ROM build passed. User-confirmed runtime gallery passed 14/14 pages and 49/49 prompts. Full-message first-glyph clipping at x=0 was corrected by the Party Menu PrintMessage x=1 renderer origin; V5 pages 08-14 confirmed the fix.
UI0326,gText_NotAble2,NOT ABLE!,เรียนรู้ไม่ได้!,PM_PROMPT_DESC_NORMAL_64x16,DisplayPartyPokemonDescriptionText,sDescriptionStringTable,FONT_NORMAL,64,16,1,1,59,59,5,,เรียนรู้ไม่ได้!,1,72,src/strings.c,466,"สถานะว่าโปเกมอนไม่สามารถเรียนท่าจาก TM/HM, Move Tutor หรือ Move Relearner ได้",approved_from_review_v1,approved,pass,pass,pass,pass,9781d48c2f86d132f4c61155c946674a15b1222c1bc4973c7b9b7ac3c36fc9b1,proof_passed,Automated source/token/shaper/width checks passed; final normal ROM build passed. User-confirmed runtime gallery passed 14/14 pages and 49/49 prompts. Full-message first-glyph clipping at x=0 was corrected by the Party Menu PrintMessage x=1 renderer origin; V5 pages 08-14 confirmed the fix.
UI0327,gText_NotEnoughHp,Not enough HP…,HP ไม่เพียงพอ…,PM_PROMPT_STD_DEFAULT_NORMAL_168x16,DisplayPartyMenuStdMessage,PARTY_MSG_NOT_ENOUGH_HP,FONT_NORMAL,168,16,1,1,70,70,98,,HP ไม่เพียงพอ…,1,64,src/strings.c,447,HP ไม่พอสำหรับใช้ท่าหรือคำสั่งดังกล่าว,approved_from_review_v1,approved,pass,pass,pass,pass,9781d48c2f86d132f4c61155c946674a15b1222c1bc4973c7b9b7ac3c36fc9b1,proof_passed,Automated source/token/shaper/width checks passed; final normal ROM build passed. User-confirmed runtime gallery passed 14/14 pages and 49/49 prompts. Full-message first-glyph clipping at x=0 was corrected by the Party Menu PrintMessage x=1 renderer origin; V5 pages 08-14 confirmed the fix.
UI0328,gText_NotPkmnOtherTrainerWants,"That isn't the type of POKéMON
that the other TRAINER wants.","โปเกมอนนี้ไม่ตรงกับ
ที่เทรนเนอร์อีกฝ่ายต้องการ",PM_PROMPT_FULL_MESSAGE_NORMAL_224x32,DisplayPartyMenuMessage -> PrintMessage,DisplayPartyMenuMessage / indirect full-message route,FONT_NORMAL,223,32,2,2,93;114,114,109,,"โปเกมอนนี้ไม่ตรงกับ
ที่เทรนเนอร์อีกฝ่ายต้องการ",2,280,src/strings.c,493,โปเกมอนไม่ตรงเงื่อนไขที่คู่แลกเปลี่ยนระบุ,approved_from_review_v1,approved,pass,pass,pass,pass,9781d48c2f86d132f4c61155c946674a15b1222c1bc4973c7b9b7ac3c36fc9b1,proof_passed,Automated source/token/shaper/width checks passed; final normal ROM build passed. User-confirmed runtime gallery passed 14/14 pages and 49/49 prompts. Full-message first-glyph clipping at x=0 was corrected by the Party Menu PrintMessage x=1 renderer origin; V5 pages 08-14 confirmed the fix.
UI0329,gText_NothingToCut,There's nothing to CUT.,ไม่มีอะไรให้ใช้ CUT,PM_PROMPT_STD_DEFAULT_NORMAL_168x16,DisplayPartyMenuStdMessage,PARTY_MSG_NOTHING_TO_CUT,FONT_NORMAL,168,16,1,1,88,88,80,,ไม่มีอะไรให้ใช้ CUT,1,88,src/strings.c,438,คงชื่อท่า CUT เป็นภาษาอังกฤษตามนโยบายชื่อท่า,approved_from_review_v1,approved,pass,pass,pass,pass,9781d48c2f86d132f4c61155c946674a15b1222c1bc4973c7b9b7ac3c36fc9b1,proof_passed,Automated source/token/shaper/width checks passed; final normal ROM build passed. User-confirmed runtime gallery passed 14/14 pages and 49/49 prompts. Full-message first-glyph clipping at x=0 was corrected by the Party Menu PrintMessage x=1 renderer origin; V5 pages 08-14 confirmed the fix.
UI0339,gText_OnlyPkmnForBattle,"That's your only
POKéMON for battle.","นี่คือโปเกมอนตัวเดียว
ที่ใช้ต่อสู้ได้",PM_PROMPT_FULL_MESSAGE_NORMAL_224x32,DisplayPartyMenuMessage -> PrintMessage,DisplayPartyMenuMessage / indirect full-message route,FONT_NORMAL,223,32,2,2,100;51,100,123,,"นี่คือโปเกมอนตัวเดียว
ที่ใช้ต่อสู้ได้",2,192,src/strings.c,481,ห้ามแลกโปเกมอนตัวสุดท้ายที่ใช้ต่อสู้ได้,approved_from_review_v1,approved,pass,pass,pass,pass,9781d48c2f86d132f4c61155c946674a15b1222c1bc4973c7b9b7ac3c36fc9b1,proof_passed,Automated source/token/shaper/width checks passed; final normal ROM build passed. User-confirmed runtime gallery passed 14/14 pages and 49/49 prompts. Full-message first-glyph clipping at x=0 was corrected by the Party Menu PrintMessage x=1 renderer origin; V5 pages 08-14 confirmed the fix.
UI0342,gText_OtherTrainerCantAcceptPkmn,"The other TRAINER can't accept
that POKéMON now.","ตอนนี้เทรนเนอร์อีกฝ่าย
รับโปเกมอนนี้ไม่ได้",PM_PROMPT_FULL_MESSAGE_NORMAL_224x32,DisplayPartyMenuMessage -> PrintMessage,DisplayPartyMenuMessage / indirect full-message route,FONT_NORMAL,223,32,2,2,104;89,104,119,,"ตอนนี้เทรนเนอร์อีกฝ่าย
รับโปเกมอนนี้ไม่ได้",2,248,src/strings.c,489,คู่แลกเปลี่ยนยังรับโปเกมอนที่เลือกไม่ได้,approved_from_review_v1,approved,pass,pass,pass,pass,9781d48c2f86d132f4c61155c946674a15b1222c1bc4973c7b9b7ac3c36fc9b1,proof_passed,Automated source/token/shaper/width checks passed; final normal ROM build passed. User-confirmed runtime gallery passed 14/14 pages and 49/49 prompts. Full-message first-glyph clipping at x=0 was corrected by the Party Menu PrintMessage x=1 renderer origin; V5 pages 08-14 confirmed the fix.
UI0343,gText_OtherTrainersPkmnCantBeTraded,"The other TRAINER's POKéMON
can't be traded now.","ตอนนี้โปเกมอนของอีกฝ่าย
แลกเปลี่ยนไม่ได้",PM_PROMPT_FULL_MESSAGE_NORMAL_224x32,DisplayPartyMenuMessage -> PrintMessage,DisplayPartyMenuMessage / indirect full-message route,FONT_NORMAL,223,32,2,2,116;76,116,107,,"ตอนนี้โปเกมอนของอีกฝ่าย
แลกเปลี่ยนไม่ได้",2,248,src/strings.c,487,โปเกมอนของคู่แลกเปลี่ยนติดข้อจำกัด,approved_from_review_v1,approved,pass,pass,pass,pass,9781d48c2f86d132f4c61155c946674a15b1222c1bc4973c7b9b7ac3c36fc9b1,proof_passed,Automated source/token/shaper/width checks passed; final normal ROM build passed. User-confirmed runtime gallery passed 14/14 pages and 49/49 prompts. Full-message first-glyph clipping at x=0 was corrected by the Party Menu PrintMessage x=1 renderer origin; V5 pages 08-14 confirmed the fix.
UI0361,gText_PkmnCantBeTradedNow,"That POKéMON can't be traded
now.","ตอนนี้โปเกมอนนี้
แลกเปลี่ยนไม่ได้",PM_PROMPT_FULL_MESSAGE_NORMAL_224x32,DisplayPartyMenuMessage -> PrintMessage,DisplayPartyMenuMessage / indirect full-message route,FONT_NORMAL,223,32,2,2,80;76,80,143,,"ตอนนี้โปเกมอนนี้
แลกเปลี่ยนไม่ได้",2,192,src/strings.c,483,โปเกมอนที่เลือกติดข้อจำกัดการแลกเปลี่ยน,approved_from_review_v1,approved,pass,pass,pass,pass,9781d48c2f86d132f4c61155c946674a15b1222c1bc4973c7b9b7ac3c36fc9b1,proof_passed,Automated source/token/shaper/width checks passed; final normal ROM build passed. User-confirmed runtime gallery passed 14/14 pages and 49/49 prompts. Full-message first-glyph clipping at x=0 was corrected by the Party Menu PrintMessage x=1 renderer origin; V5 pages 08-14 confirmed the fix.
UI0367,gText_PkmnElevatedToLvVar2,"{STR_VAR_1} was elevated to
Lv. {STR_VAR_2}.","เลเวลของ {STR_VAR_1} เพิ่มเป็น
Lv. {STR_VAR_2}!",PM_PROMPT_FULL_MESSAGE_NORMAL_224x32,DisplayPartyMenuMessage -> PrintMessage,DisplayPartyMenuMessage / indirect full-message route,FONT_NORMAL,223,32,2,2,146;40,146,77,{STR_VAR_1};{STR_VAR_2},"เลเวลของ WWWWWWWWWW เพิ่มเป็น
Lv. 100!",2,112,src/strings.c,422,ใช้หลัง Rare Candy; STR_VAR_1 คือชื่อโปเกมอน และ STR_VAR_2 คือเลเวล,approved_from_review_v1,approved,pass,pass,pass,pass,9781d48c2f86d132f4c61155c946674a15b1222c1bc4973c7b9b7ac3c36fc9b1,proof_passed,Automated source/token/shaper/width checks passed; final normal ROM build passed. User-confirmed runtime gallery passed 14/14 pages and 49/49 prompts. Full-message first-glyph clipping at x=0 was corrected by the Party Menu PrintMessage x=1 renderer origin; V5 pages 08-14 confirmed the fix.
UI0376,gText_PkmnLearnedMove3,"{STR_VAR_1} learned
{STR_VAR_2}!","{STR_VAR_1} เรียนรู้
{STR_VAR_2}!",PM_PROMPT_FULL_MESSAGE_NORMAL_224x32,DisplayPartyMenuMessage -> PrintMessage,DisplayPartyMenuMessage / indirect full-message route,FONT_NORMAL,223,32,2,2,92;76,92,131,{STR_VAR_1};{STR_VAR_2},"WWWWWWWWWW เรียนรู้
WWWWWWWWWWWW!",1,40,src/strings.c,404,STR_VAR_1 คือชื่อโปเกมอน และ STR_VAR_2 คือชื่อท่า ซึ่งคงภาษาอังกฤษ,approved_from_review_v1,approved,pass,pass,pass,pass,9781d48c2f86d132f4c61155c946674a15b1222c1bc4973c7b9b7ac3c36fc9b1,proof_passed,Automated source/token/shaper/width checks passed; final normal ROM build passed. User-confirmed runtime gallery passed 14/14 pages and 49/49 prompts. Full-message first-glyph clipping at x=0 was corrected by the Party Menu PrintMessage x=1 renderer origin; V5 pages 08-14 confirmed the fix.
UI0398,gText_PokemonAreNeeded,{STR_VAR_1} POKéMON are needed.,ต้องมีโปเกมอน {STR_VAR_1} ตัว,PM_PROMPT_STD_DEFAULT_NORMAL_168x16,DisplayPartyMenuStdMessage,PARTY_MSG_X_MONS_ARE_NEEDED,FONT_NORMAL,168,16,1,1,92,92,76,{STR_VAR_1},ต้องมีโปเกมอน 6 ตัว,2,104,src/strings.c,448,STR_VAR_1 คือจำนวนโปเกมอนที่ต้องเลือก,approved_from_review_v1,approved,pass,pass,pass,pass,9781d48c2f86d132f4c61155c946674a15b1222c1bc4973c7b9b7ac3c36fc9b1,proof_passed,Automated source/token/shaper/width checks passed; final normal ROM build passed. User-confirmed runtime gallery passed 14/14 pages and 49/49 prompts. Full-message first-glyph clipping at x=0 was corrected by the Party Menu PrintMessage x=1 renderer origin; V5 pages 08-14 confirmed the fix.
UI0399,gText_PokemonCantBeSame,POKéMON can't be the same.,เลือกโปเกมอนซ้ำกันไม่ได้,PM_PROMPT_STD_DEFAULT_NORMAL_168x16,DisplayPartyMenuStdMessage,PARTY_MSG_MONS_CANT_BE_SAME,FONT_NORMAL,168,16,1,1,116,116,52,,เลือกโปเกมอนซ้ำกันไม่ได้,1,144,src/strings.c,449,ห้ามเลือกโปเกมอนตัวเดียวกันซ้ำ,approved_from_review_v1,approved,pass,pass,pass,pass,9781d48c2f86d132f4c61155c946674a15b1222c1bc4973c7b9b7ac3c36fc9b1,proof_passed,Automated source/token/shaper/width checks passed; final normal ROM build passed. User-confirmed runtime gallery passed 14/14 pages and 49/49 prompts. Full-message first-glyph clipping at x=0 was corrected by the Party Menu PrintMessage x=1 renderer origin; V5 pages 08-14 confirmed the fix.
UI0424,gText_RestoreWhichMove,Restore which move?,ฟื้น PP ให้ท่าไหน?,PM_PROMPT_STD_MOVE_NORMAL_128x16,DisplayPartyMenuStdMessage,PARTY_MSG_RESTORE_WHICH_MOVE,FONT_NORMAL,128,16,1,1,85,85,43,,ฟื้น PP ให้ท่าไหน?,2,72,src/strings.c,442,เลือกท่าที่ต้องการฟื้นค่า PP,approved_from_review_v1,approved,pass,pass,pass,pass,9781d48c2f86d132f4c61155c946674a15b1222c1bc4973c7b9b7ac3c36fc9b1,proof_passed,Automated source/token/shaper/width checks passed; final normal ROM build passed. User-confirmed runtime gallery passed 14/14 pages and 49/49 prompts. Full-message first-glyph clipping at x=0 was corrected by the Party Menu PrintMessage x=1 renderer origin; V5 pages 08-14 confirmed the fix.
UI0425,gText_ReturnToHealingSpot,"Want to return to the healing spot
used last in {STR_VAR_1}?","จะกลับไปยังจุดฟื้นพลัง
ล่าสุดใน {STR_VAR_1}?",PM_PROMPT_FULL_MESSAGE_NORMAL_224x32,DisplayPartyMenuMessage -> PrintMessage,DisplayPartyMenuMessage / indirect full-message route,FONT_NORMAL,223,32,2,2,100;154,154,69,{STR_VAR_1},"จะกลับไปยังจุดฟื้นพลัง
ล่าสุดใน WWWWWWWWWWWWWWWWWW?",2,176,src/strings.c,477,ใช้กับ TELEPORT; ถามว่าจะกลับไปยังจุดฟื้นพลังล่าสุดในสถานที่ STR_VAR_1 หรือไม่,revised_after_source_context_review,approved,pass,pass,pass,pass,9781d48c2f86d132f4c61155c946674a15b1222c1bc4973c7b9b7ac3c36fc9b1,proof_passed,Automated source/token/shaper/width checks passed; final normal ROM build passed. User-confirmed runtime gallery passed 14/14 pages and 49/49 prompts. Full-message first-glyph clipping at x=0 was corrected by the Party Menu PrintMessage x=1 renderer origin; V5 pages 08-14 confirmed the fix.
UI0428,gText_ReturnToWaitingRoom,Return to the WAITING ROOM?,กลับไปห้องรอ?,PM_PROMPT_FULL_MESSAGE_NORMAL_224x32,DisplayPartyMenuMessage -> PrintMessage,DisplayPartyMenuMessage / indirect full-message route,FONT_NORMAL,223,32,2,1,66,66,157,,กลับไปห้องรอ?,1,80,src/strings.c,474,กลับไปยัง Waiting Room ของ Battle Dome,approved_from_review_v1,approved,pass,pass,pass,pass,9781d48c2f86d132f4c61155c946674a15b1222c1bc4973c7b9b7ac3c36fc9b1,proof_passed,Automated source/token/shaper/width checks passed; final normal ROM build passed. User-confirmed runtime gallery passed 14/14 pages and 49/49 prompts. Full-message first-glyph clipping at x=0 was corrected by the Party Menu PrintMessage x=1 renderer origin; V5 pages 08-14 confirmed the fix.
UI0454,gText_SendMailToPC,"Send the removed MAIL to
your PC?","ส่งจดหมายที่เอาออก
ไปยัง PC?",PM_PROMPT_FULL_MESSAGE_NORMAL_224x32,DisplayPartyMenuMessage -> PrintMessage,DisplayPartyMenuMessage / indirect full-message route,FONT_NORMAL,223,32,2,2,86;44,86,137,,"ส่งจดหมายที่เอาออก
ไปยัง PC?",2,152,src/strings.c,390,ส่งจดหมายที่ถอดออกไปเก็บใน PC,approved_from_review_v1,approved,pass,pass,pass,pass,9781d48c2f86d132f4c61155c946674a15b1222c1bc4973c7b9b7ac3c36fc9b1,proof_passed,Automated source/token/shaper/width checks passed; final normal ROM build passed. User-confirmed runtime gallery passed 14/14 pages and 49/49 prompts. Full-message first-glyph clipping at x=0 was corrected by the Party Menu PrintMessage x=1 renderer origin; V5 pages 08-14 confirmed the fix.
UI0472,gText_StopLearningMove2,"Stop trying to teach
{STR_VAR_2}?","หยุดสอนท่า
{STR_VAR_2}?",PM_PROMPT_FULL_MESSAGE_NORMAL_224x32,DisplayPartyMenuMessage -> PrintMessage,DisplayPartyMenuMessage / indirect full-message route,FONT_NORMAL,223,32,2,2,51;78,78,145,{STR_VAR_2},"หยุดสอนท่า
WWWWWWWWWWWW?",1,64,src/strings.c,407,STR_VAR_2 คือชื่อท่า ซึ่งคงภาษาอังกฤษ,approved_from_review_v1,approved,pass,pass,pass,pass,9781d48c2f86d132f4c61155c946674a15b1222c1bc4973c7b9b7ac3c36fc9b1,proof_passed,Automated source/token/shaper/width checks passed; final normal ROM build passed. User-confirmed runtime gallery passed 14/14 pages and 49/49 prompts. Full-message first-glyph clipping at x=0 was corrected by the Party Menu PrintMessage x=1 renderer origin; V5 pages 08-14 confirmed the fix.
UI0485,gText_TeachWhichPokemon,Teach which POKéMON?,จะสอนท่าให้โปเกมอนตัวไหน?,PM_PROMPT_STD_DEFAULT_NORMAL_168x16,DisplayPartyMenuStdMessage,PARTY_MSG_TEACH_WHICH_MON,FONT_NORMAL,168,16,1,1,138,138,30,,จะสอนท่าให้โปเกมอนตัวไหน?,1,168,src/strings.c,434,เลือกโปเกมอนที่จะเรียนท่า โดยระบุคำว่า “ท่า”ให้ชัดเจนในข้อความ,revised_after_source_context_review,approved,pass,pass,pass,pass,9781d48c2f86d132f4c61155c946674a15b1222c1bc4973c7b9b7ac3c36fc9b1,proof_passed,Automated source/token/shaper/width checks passed; final normal ROM build passed. User-confirmed runtime gallery passed 14/14 pages and 49/49 prompts. Full-message first-glyph clipping at x=0 was corrected by the Party Menu PrintMessage x=1 renderer origin; V5 pages 08-14 confirmed the fix.
UI0493,gText_ThatIsntAnEgg,That isn't an EGG.,ตัวนั้นไม่ใช่ไข่,PM_PROMPT_FULL_MESSAGE_NORMAL_224x32,DisplayPartyMenuMessage -> PrintMessage,DisplayPartyMenuMessage / indirect full-message route,FONT_NORMAL,223,32,2,1,66,66,157,,ตัวนั้นไม่ใช่ไข่,1,80,src/strings.c,495,โปเกมอนที่เลือกไม่ใช่ไข่ตามเงื่อนไขการแลก,approved_from_review_v1,approved,pass,pass,pass,pass,9781d48c2f86d132f4c61155c946674a15b1222c1bc4973c7b9b7ac3c36fc9b1,proof_passed,Automated source/token/shaper/width checks passed; final normal ROM build passed. User-confirmed runtime gallery passed 14/14 pages and 49/49 prompts. Full-message first-glyph clipping at x=0 was corrected by the Party Menu PrintMessage x=1 renderer origin; V5 pages 08-14 confirmed the fix.
UI0499,gText_ThrowAwayItem,"Throw away this
{STR_VAR_1}?","จะทิ้ง
{STR_VAR_1}?",PM_PROMPT_FULL_MESSAGE_NORMAL_224x32,DisplayPartyMenuMessage -> PrintMessage,DisplayPartyMenuMessage / indirect full-message route,FONT_NORMAL,223,32,2,2,23;90,90,133,{STR_VAR_1},"จะทิ้ง
WWWWWWWWWWWWWW?",1,32,src/strings.c,429,STR_VAR_1 คือชื่อไอเทม ซึ่งคงภาษาอังกฤษ,approved_from_review_v1,approved,pass,pass,pass,pass,9781d48c2f86d132f4c61155c946674a15b1222c1bc4973c7b9b7ac3c36fc9b1,proof_passed,Automated source/token/shaper/width checks passed; final normal ROM build passed. User-confirmed runtime gallery passed 14/14 pages and 49/49 prompts. Full-message first-glyph clipping at x=0 was corrected by the Party Menu PrintMessage x=1 renderer origin; V5 pages 08-14 confirmed the fix.
UI0514,gText_UseOnWhichPokemon,Use on which POKéMON?,จะใช้กับโปเกมอนตัวไหน?,PM_PROMPT_STD_DEFAULT_NORMAL_168x16,DisplayPartyMenuStdMessage,PARTY_MSG_USE_ON_WHICH_MON,FONT_NORMAL,168,16,1,1,119,119,49,,จะใช้กับโปเกมอนตัวไหน?,1,144,src/strings.c,435,เลือกโปเกมอนที่จะใช้ไอเทมด้วย,approved_from_review_v1,approved,pass,pass,pass,pass,9781d48c2f86d132f4c61155c946674a15b1222c1bc4973c7b9b7ac3c36fc9b1,proof_passed,Automated source/token/shaper/width checks passed; final normal ROM build passed. User-confirmed runtime gallery passed 14/14 pages and 49/49 prompts. Full-message first-glyph clipping at x=0 was corrected by the Party Menu PrintMessage x=1 renderer origin; V5 pages 08-14 confirmed the fix.
