id,global_order,chapter_id,event_id,map_name,map_period,speaker,source_label,english_visible_length,thai_visible_length,longest_english_line,longest_thai_line,page_count,placeholder_count,control_code_sequence,result,notes
dlg_f05a5b388b38ad28,1,opening,birch_intro,,opening,Professor Birch,gText_Birch_Welcome,122,101,33,29,5,0,\p | \p | \p | \n | \p,ok,
dlg_a0a50d7092ef23e5,2,opening,birch_intro,,opening,Professor Birch,gText_Birch_Pokemon,33,25,33,25,2,0,\p | \n,ok,
dlg_8413e20c18110096,3,opening,birch_intro,,opening,Professor Birch,gText_Birch_MainSpeech,418,399,35,42,7,0,\n | \p | \n | \l | \p | \n | \p | \n | \p | \n | \p | \n | \l | \p,review_long_line,Thai line likely exceeds the GBA dialogue width; retain meaning and review layout.
dlg_412f32d24928ff84,4,opening,player_setup,,opening,Professor Birch,gText_Birch_AndYouAre,12,17,12,17,1,0,,ok,
dlg_008b1eacc20d2fa0,5,opening,player_setup,,opening,Professor Birch,gText_Birch_BoyOrGirl,2,36,1,19,1,0,{252} | {25} | {3} | {0} | {0} | {244} | {4} | {1} | {252} | {25} | {29} | {0} | {0} | {244} | {6} | {1} | {252} | {25} | {48} | {0} | {0} | {244} | {6} | {1} | {252} | {25} | {3} | {0} | {0} | {244} | {4} | {1} | {252} | {25} | {8} | {2} | {0} | {244} | {7} | {1} | {252} | {25} | {30} | {0} | {0} | {244} | {8} | {1} | {252} | {25} | {3} | {0} | {0} | {244} | {4} | {1} | {252} | {25} | {3} | {2} | {0} | {244} | {7} | {1} | {252} | {25} | {8} | {0} | {0} | {244} | {6} | {1} | {252} | {25} | {15} | {0} | {0} | {244} | {6} | {1} | {252} | {25} | {6} | {0} | {0} | {244} | {4} | {1} | {252} | {25} | {39} | {0} | {0} | {244} | {6} | {1} | \n | {252} | {25} | {46} | {0} | {0} | {244} | {7} | {1} | {252} | {25} | {21} | {1} | {0} | {244} | {6} | {1} | {252} | {25} | {48} | {0} | {0} | {244} | {6} | {1} | {252} | {25} | {3} | {0} | {0} | {244} | {4} | {1} | {252} | {25} | {8} | {2} | {0} | {244} | {7} | {1} | {252} | {25} | {30} | {0} | {0} | {244} | {8} | {1} | {252} | {25} | {3} | {0} | {0} | {244} | {4} | {1} | {252} | {25} | {3} | {2} | {0} | {244} | {7} | {1} | {252} | {25} | {8} | {0} | {0} | {244} | {6} | {1} | {252} | {25} | {46} | {0} | {0} | {244} | {7} | {1} | {252} | {25} | {58} | {0} | {0} | {244} | {8} | {1} | {252} | {25} | {12} | {0} | {0} | {244} | {4} | {1},ok,
dlg_9ef890e3b20a3ebf,6,opening,player_setup,,opening,Professor Birch,gText_Birch_WhatsYourName,27,17,17,12,1,0,\n,ok,
dlg_531e30048ab5cfb4,7,opening,player_setup,,opening,Professor Birch,gText_Birch_SoItsPlayer,9,26,9,26,1,2,{PLAYER} | {KUN},ok,
dlg_3d03c87c21475304,8,opening,player_setup,,opening,Professor Birch,gText_Birch_YourePlayer,71,88,26,30,3,2,\p | {PLAYER} | {KUN} | \n | \l | \p,ok,
dlg_745792a288a31bbd,9,opening,player_setup,,opening,Professor Birch,gText_Birch_AreYouReady,225,189,34,29,5,0,\p | \n | \p | \n | \l | \p | \n | \p,review_long_line,Thai line likely exceeds the GBA dialogue width; retain meaning and review layout.
dlg_c9c9cfc75f70e8e3,10,littleroot,littleroot_arrival,LittlerootTown_BrendansHouse_1F,arrival,,PlayersHouse_1F_Text_IsntItNiceInHere,38,35,27,25,1,1,{PLAYER} | \n,ok,
dlg_bd705cc8a504bb05,11,littleroot,littleroot_arrival,LittlerootTown_BrendansHouse_1F,arrival,,PlayersHouse_1F_Text_MoversPokemonGoSetClock,212,187,38,37,3,1,\n | \l | \p | {PLAYER} | \n | \p | \n | \l,ok,
dlg_a1cf42cc4332f130,12,littleroot,rival_intro,LittlerootTown_BrendansHouse_1F,rival_intro,Brendan,RivalsHouse_1F_Text_BrendanWhoAreYou,408,369,36,39,11,2,\n | \p | \p | {PLAYER} | \n | \p | \p | \n | \l | \p | \n | \p | {PLAYER} | \n | \p | \p | \p | \n | \p,review_long_line,Thai line likely exceeds the GBA dialogue width; retain meaning and review layout.
dlg_7cc549bb2e89937d,13,littleroot,rival_intro,LittlerootTown_BrendansHouse_1F,rival_intro,May,RivalsHouse_1F_Text_MayWhoAreYou,452,401,37,30,12,10,\n | \p | \n | \p | {PLAYER} | {KUN} | \n | \p | \n | \p | \n | \l | \p | {PLAYER} | {KUN} | \n | \p | \n | {PLAYER} | {KUN} | \p | \n | {PLAYER} | {KUN} | \p | \p | \p | \n | \p | {PLAYER} | {KUN},review_long_line,Thai line likely exceeds the GBA dialogue width; retain meaning and review layout.
dlg_a3524918d5d08235,14,littleroot,birch_rescue,Route101,birch_rescue,,Route101_Text_HelpMe,10,12,10,12,1,0,,ok,
dlg_45ae69cb30f2cd90,15,littleroot,birch_rescue,Route101,birch_rescue,,Route101_Text_PleaseHelp,65,69,22,23,2,0,\n | \p | \n,ok,
dlg_df2e8d10a02d0a58,16,littleroot,birch_rescue,Route101,birch_rescue,,Route101_Text_YouSavedMe,190,173,38,35,6,2,\p | \n | \p | \n | \p | \p | {PLAYER} | {KUN} | \p | \n,ok,
dlg_e1f579546c78b2f9,17,littleroot,starter,LittlerootTown_ProfessorBirchsLab,starter,Professor Birch,LittlerootTown_ProfessorBirchsLab_Text_LikeYouToHavePokemon,335,254,36,30,7,4,{PLAYER} | {KUN} | \p | \n | \p | \n | \p | \n | \p | \n | \p | \n | \l | \p | {PLAYER} | {STR_VAR_1},review_long_line,Thai line likely exceeds the GBA dialogue width; retain meaning and review layout.
dlg_a85b0bd843afd737,18,littleroot,starter,LittlerootTown_ProfessorBirchsLab,starter,Professor Birch,LittlerootTown_ProfessorBirchsLab_Text_WhyNotGiveNicknameToMon,65,56,40,39,1,1,\n | {STR_VAR_1},ok,
dlg_2f2b9342597fd41c,19,littleroot,starter,LittlerootTown_ProfessorBirchsLab,starter,Professor Birch,LittlerootTown_ProfessorBirchsLab_Text_MightBeGoodIdeaToGoSeeRival,208,161,40,34,3,4,\n | \l | \p | {RIVAL} | \n | \p | {PLAYER} | {KUN} | \n | {RIVAL},ok,
dlg_302bf4be4220a361,20,pokedex,rival_1,Route103,rival_battle,May,Route103_Text_MayRoute103Pokemon,54,49,33,29,1,0,\n,ok,
dlg_31e833de1ea33667,21,pokedex,rival_1,Route103,rival_battle,May,Route103_Text_MayLetsBattle,152,146,36,29,4,2,{PLAYER} | {KUN} | \p | \n | \p | \n | \p | \n,ok,
dlg_1d2c85c3dd45b39f,22,pokedex,rival_1,Route103,rival_battle,Brendan,Route103_Text_BrendanRoute103Pokemon,67,54,35,33,1,0,\n,ok,
dlg_a2a36d33d4e71a0c,23,pokedex,rival_1,Route103,rival_battle,Brendan,Route103_Text_BrendanLetsBattle,131,132,37,37,4,1,{PLAYER} | \p | \p | \n | \p | \n,ok,
dlg_1ba2a80d63962ccb,24,pokedex,rival_1,Route103,rival_battle,May,Route103_Text_MayTimeToHeadBack,211,183,34,31,4,0,\n | \p | \n | \p | \n | \p | \n,ok,
dlg_5ba654e578399a89,25,pokedex,rival_1,Route103,rival_battle,Brendan,Route103_Text_BrendanTimeToHeadBack,240,174,37,31,4,1,\n | \l | \p | \n | \p | {PLAYER} | \n | \p,ok,
dlg_68038fa36d7bdaf1,26,pokedex,pokedex,LittlerootTown_ProfessorBirchsLab,pokedex,Professor Birch,LittlerootTown_ProfessorBirchsLab_Text_BirchRivalGoneHome,166,126,37,27,3,1,{RIVAL} | \n | \p | \n | \p | \n,ok,
dlg_4a63ffe7b2d7349e,27,pokedex,pokedex,LittlerootTown_ProfessorBirchsLab,pokedex,Professor Birch,LittlerootTown_ProfessorBirchsLab_Text_HeardYouBeatRivalTakePokedex,248,210,37,32,5,7,{PLAYER} | {KUN} | \p | {RIVAL} | \n | \p | {RIVAL} | \n | \p | {RIVAL} | \n | \p | {PLAYER} | {KUN} | \n | \l,review_long_line,Thai line likely exceeds the GBA dialogue width; retain meaning and review layout.
dlg_dacb535b10f34d0d,28,pokedex,pokedex,LittlerootTown_ProfessorBirchsLab,pokedex,Professor Birch,LittlerootTown_ProfessorBirchsLab_Text_ExplainPokedex,279,222,39,33,3,2,\n | \l | \p | {RIVAL} | \n | \p | \n | \l | {RIVAL} | \l,review_long_line,Thai line likely exceeds the GBA dialogue width; retain meaning and review layout.
dlg_a1f8f8a1ea390b2a,29,pokedex,pokedex,LittlerootTown_ProfessorBirchsLab,pokedex,Professor Birch,LittlerootTown_ProfessorBirchsLab_Text_ReceivedPokedex,22,18,22,18,1,1,{PLAYER},ok,
dlg_44f775b1fbf29ce7,30,pokedex,pokeballs,LittlerootTown,pokeballs,,LittlerootTown_Text_OurNewHomeLetsGoInside,279,222,40,32,6,2,{PLAYER} | \p | \n | \p | \p | \n | \p | \n | \p | {PLAYER} | \n,ok,
dlg_f4cbe5e2e14292ec,31,pokedex,pokeballs,LittlerootTown,pokeballs,,LittlerootTown_Text_WearTheseRunningShoes,296,219,38,32,5,2,{PLAYER} | {PLAYER} | \n | \p | \n | \p | \n | \p | \n | \p,ok,
dlg_51478fab2a0bb5f5,32,pokedex,pokeballs,LittlerootTown,pokeballs,,LittlerootTown_Text_SwitchShoesWithRunningShoes,38,27,24,15,1,1,{PLAYER} | \n,ok,
dlg_4066e0935321b02a,33,pokedex,pokeballs,LittlerootTown,pokeballs,,LittlerootTown_Text_ExplainRunningShoes,172,144,39,31,3,1,{PLAYER} | \n | \p | \n | \p | \n,ok,
dlg_c1b0de35fc067f84,34,pokedex,pokeballs,LittlerootTown,pokeballs,,LittlerootTown_Text_ComeHomeIfAnythingHappens,196,186,39,36,4,0,\n | \p | \n | \l | \p | \n | \p,ok,
dlg_f7f989a1a6ff5a66,35,petalburg,petalburg_norman,PetalburgCity_Gym,norman,,PetalburgCity_Gym_Text_DadYoureHereWithYourPokemon,256,209,33,31,6,2,\p | {PLAYER} | \n | \p | \n | \p | \n | \p | \n | {PLAYER} | \p | \n,ok,
dlg_2833d41c93d5f47b,36,petalburg,petalburg_norman,PetalburgCity_Gym,norman,Norman,PetalburgCity_Gym_Text_NormanGoToRustboro,238,207,34,33,4,2,\n | \p | \n | \p | {PLAYER} | \n | \p | {PLAYER} | \n,ok,
dlg_52b66c5569e850e3,37,petalburg,petalburg_norman,PetalburgCity_Gym,norman,Norman,PetalburgCity_Gym_Text_NormanGoToDewford,208,171,35,35,4,1,\n | \p | \n | {PLAYER} | \p | \n | \p,ok,
dlg_341cabcfb47a1d38,38,petalburg,petalburg_norman,PetalburgCity_Gym,norman,,PetalburgCity_Gym_Text_YouHaveGottenStronger,88,68,34,21,2,1,{PLAYER} | \n | \p | \n,ok,
dlg_a4dd4d5adc4061ee,39,petalburg,petalburg_norman,PetalburgCity_Gym,norman,,PetalburgCity_Gym_Text_DadGoingToKeepTraining,162,137,35,28,3,2,{PLAYER} | \n | \p | \n | \p | \n | {PLAYER},ok,
dlg_b1dbf403a97f2f0c,40,petalburg,petalburg_norman,PetalburgCity_Gym,norman,Norman,PetalburgCity_Gym_Text_NormanIntro,274,249,35,32,7,2,\n | \p | \n | \p | {PLAYER} | \p | \n | \p | \p | \n | \p | {PLAYER} | \n,review_long_line,Thai line likely exceeds the GBA dialogue width; retain meaning and review layout.
dlg_02937a0c67770c8c,41,petalburg,petalburg_norman,PetalburgCity_Gym,norman,,PetalburgCity_Gym_Text_ReceivedBalanceBadge,36,26,27,19,1,1,{PLAYER} | \n,ok,
dlg_1349dbfc0225bf7b,42,petalburg,petalburg_norman,PetalburgCity_Gym,norman,,PetalburgCity_Gym_Text_ExplainBalanceBadgeTakeThis,194,154,34,33,3,1,\n | \p | \n | \p | {PLAYER} | \n,ok,
dlg_189afa7d715ce58f,43,petalburg,petalburg_norman,PetalburgCity_Gym,norman,,PetalburgCity_Gym_Text_DadHappyAndSad,120,108,33,38,2,0,\n | \p | \n,ok,
dlg_ca804248caf18a66,44,petalburg,petalburg_norman,PetalburgCity_Gym,norman,,PetalburgCity_Gym_Text_PleaseComeWithMe,76,52,36,18,2,2,{PLAYER} | {KUN} | \p | \n,ok,
dlg_258c92ca2f19d536,45,petalburg,petalburg_norman,PetalburgCity_Gym,norman,,PetalburgCity_Gym_Text_LetMeBorrowPlayer,70,50,31,22,2,2,\p | {PLAYER} | {KUN} | \n,ok,
dlg_5ffaf85215a0f479,46,petalburg,petalburg_norman,PetalburgCity_Gym,norman,,PetalburgCity_Gym_Text_ExplainFacade,161,149,35,28,3,0,\p | \n | \l | \p | \n,ok,
dlg_33f6361195064148,47,petalburg,wally_tutorial,PetalburgCity_Gym,wally,,PetalburgCity_Gym_Text_DadSoDidItWorkOut,25,25,25,25,1,0,,ok,
dlg_5a8bd4e5faf57436,48,petalburg,wally_tutorial,PetalburgCity_Gym,wally,Wally,PetalburgCity_Gym_Text_WallyThankYouBye,229,198,35,30,6,2,\n | \p | {PLAYER} | \n | \p | \n | \p | \n | \p | \n | \p | {PLAYER},ok,
dlg_01331361d491fc05,49,petalburg,wally_tutorial,PetalburgCity_Gym,wally,,PetalburgCity_Gym_Text_DadGoCollectBadges,353,312,34,34,8,2,\p | {PLAYER} | \n | \p | \n | \p | \n | \p | \n | \p | \n | \p | \n | {PLAYER} | \p | \n,review_long_line,Thai line likely exceeds the GBA dialogue width; retain meaning and review layout.
dlg_494a02b492be76e5,50,petalburg,wally_tutorial,PetalburgCity_Gym,wally,Wally,PetalburgCity_Gym_Text_WallyIdLikeAPokemon,40,36,34,27,1,0,\n,ok,
dlg_20ec25c2eaea2190,51,petalburg,wally_tutorial,PetalburgCity_Gym,wally,Wally,PetalburgCity_Gym_Text_DadOhYoureWallyRight,51,50,31,31,1,0,\n,ok,
dlg_f98cda4ae5188207,52,petalburg,wally_tutorial,PetalburgCity_Gym,wally,Wally,PetalburgCity_Gym_Text_WallyIveNeverCaughtAPokemon,194,154,39,28,3,0,\n | \p | \n | \p | \n,ok,
dlg_28c0bea6f705559a,53,petalburg,wally_tutorial,PetalburgCity_Gym,wally,,PetalburgCity_Gym_Text_DadHmISee,15,19,15,19,1,0,,ok,
dlg_c91c18103becdb2f,54,petalburg,wally_tutorial,PetalburgCity_Gym,wally,Wally,PetalburgCity_Gym_Text_DadPlayerGoWithWally,88,78,35,30,2,1,{PLAYER} | \n | \p | \n,ok,
dlg_eead62b58595e8b5,55,petalburg,wally_tutorial,PetalburgCity_Gym,wally,,PetalburgCity_Gym_Text_IllLoanYouMyZigzagoon,65,59,38,35,2,0,\p,ok,
dlg_16e7448d926be3cf,56,petalburg,wally_tutorial,PetalburgCity_Gym,wally,Wally,PetalburgCity_Gym_Text_WallyThankYouAndDadGivesPokeBall,102,86,40,34,3,0,\n | \p | \n | \p,ok,
dlg_31f4283f58f635f0,57,petalburg,wally_tutorial,PetalburgCity_Gym,wally,Wally,PetalburgCity_Gym_Text_WallyOhWowThankYou,25,28,15,14,1,0,\n,ok,
dlg_e60a3d620dc03986,58,petalburg,wally_tutorial,PetalburgCity_Gym,wally,,PetalburgCity_Gym_Text_WouldYouReallyComeWithMe,31,27,23,16,1,1,{PLAYER} | \n,ok,
dlg_ad5ae8da99fd5f43,59,petalburg,rustboro,RustboroCity_Gym,rustboro,Roxanne,RustboroCity_Gym_Text_RoxannePostBattle,118,122,37,33,2,0,\n | \p | \n,ok,
dlg_bde9acfada6ecdb8,60,petalburg,rustboro,RustboroCity_Gym,rustboro,,RustboroCity_Gym_Text_ReceivedStoneBadge,38,25,25,16,1,1,{PLAYER} | \n,ok,
dlg_48d242ce72b871a1,61,petalburg,rustboro,RustboroCity_Gym,rustboro,,RustboroCity_Gym_Text_StoneBadgeInfoTakeThis,150,108,39,28,3,0,\n | \p | \n | \p,ok,
dlg_e739b5163d24a801,62,petalburg,rustboro,RustboroCity_Gym,rustboro,,RustboroCity_Gym_Text_ExplainRockTomb,238,200,39,37,4,0,\n | \p | \n | \p | \n | \p | \n,review_long_line,Thai line likely exceeds the GBA dialogue width; retain meaning and review layout.
dlg_55e2e299eaa32230,63,devon,devon_theft,Route116,devon_theft,,RustboroCity_Text_OutOfTheWay,23,18,15,12,1,0,\n,ok,
dlg_fc09693422d97c87,64,devon,devon_theft,Route116,devon_theft,,RustboroCity_Text_WaitDontTakeMyGoods,37,45,20,23,2,0,\p,ok,
dlg_3af0169168c5908b,65,devon,devon_theft,Route116,devon_theft,,RustboroCity_Text_HelpMeIWasRobbed,191,164,35,31,4,0,\p | \n | \p | \n | \p | \n,ok,
dlg_785cd46b2fc2f8ec,66,devon,devon_theft,Route116,devon_theft,,RustboroCity_Text_YouGotItThankYou,145,145,35,35,4,0,\n | \p | \n | \p | \p | \n,ok,
dlg_f237e0965b02f5c4,67,devon,devon_theft,Route116,devon_theft,,RustboroCity_Text_PleaseComeWithMe,38,29,20,17,1,0,\n,ok,
dlg_08674d7717f93db0,68,devon,rusturf,RusturfTunnel,rusturf,,RusturfTunnel_Text_ComeAndGetSome,45,35,24,19,1,0,\n,ok,
dlg_fac0960bd1369f1f,69,devon,rusturf,RusturfTunnel,rusturf,,RusturfTunnel_Text_GruntIntro,159,148,34,28,4,0,\p | \n | \p | \n | \p | \n,ok,
dlg_d362788277a67aac,70,devon,rusturf,RusturfTunnel,rusturf,,RusturfTunnel_Text_GruntTakePackage,173,127,38,26,4,0,\p | \n | \p | \n | \p | \n,ok,
dlg_2a1b92399c937260,71,devon,rusturf,RusturfTunnel,rusturf,,RusturfTunnel_Text_PeekoGladToSeeYouSafe,35,29,29,23,1,0,\n,ok,
dlg_6917422c3af8974f,72,devon,rusturf,RusturfTunnel,rusturf,,RusturfTunnel_Text_ThankYouLetsGoHomePeeko,324,221,38,25,8,2,\p | \n | \p | \n | \p | {PLAYER} | {KUN} | \n | \p | \n | \p | \n | \p | \n | \p,ok,
dlg_a33aefbe6eb63e63,73,devon,devon_corp,RustboroCity_DevonCorp_1F,devon_corp,,RustboroCity_DevonCorp_1F_Text_SoundsLikeStolenGoodsRecovered,59,46,32,24,1,0,\n,ok,
dlg_d4bd710202b46c0c,74,devon,devon_corp,RustboroCity_DevonCorp_1F,devon_corp,,RustboroCity_DevonCorp_3F_Text_ThisIs3rdFloorWaitHere,417,269,37,25,8,0,\n | \p | \n | \p | \n | \p | \n | \p | \n | \p | \n | \p | \n | \p | \n,review_long_page,Thai page likely exceeds the GBA dialogue capacity; retain meaning and review layout.
dlg_ef91cab884e7930d,75,devon,devon_corp,RustboroCity_DevonCorp_1F,devon_corp,,RustboroCity_DevonCorp_3F_Text_WordWithPresidentComeWithMe,68,43,32,15,2,0,\n | \p,ok,
dlg_6c5f3fd5f4fa792e,76,devon,devon_corp,RustboroCity_DevonCorp_1F,devon_corp,,RustboroCity_DevonCorp_3F_Text_PleaseGoAhead,17,20,17,20,1,0,,ok,
dlg_52b589c9fb152fe9,77,devon,devon_corp,RustboroCity_DevonCorp_1F,devon_corp,,RustboroCity_DevonCorp_3F_Text_MrStoneIHaveFavor,358,249,39,26,7,0,\n | \p | \p | \n | \p | \n | \p | \n | \p | \n | \p | \n,review_long_page,Thai page likely exceeds the GBA dialogue capacity; retain meaning and review layout.
dlg_d944c62595a62903,78,devon,devon_corp,RustboroCity_DevonCorp_1F,devon_corp,,RustboroCity_DevonCorp_3F_Text_MrStoneWantYouToHaveThis,159,139,36,34,3,0,\n | \p | \n | \p,ok,
dlg_8cdabd7f75be9916,79,devon,devon_corp,RustboroCity_DevonCorp_1F,devon_corp,,RustboroCity_DevonCorp_3F_Text_ReceivedPokenav,20,15,20,15,1,1,{PLAYER},ok,
dlg_6e4ba929b10c625c,80,devon,devon_corp,RustboroCity_DevonCorp_1F,devon_corp,,RustboroCity_DevonCorp_3F_Text_MrStoneExplainPokenavRestUp,398,330,38,32,7,0,\p | \n | \p | \n | \p | \p | \n | \p | \n | \l | \p | \n,review_long_page,Thai page likely exceeds the GBA dialogue capacity; retain meaning and review layout.
dlg_80a46ed9b55cf555,81,devon,devon_corp,RustboroCity_DevonCorp_1F,devon_corp,,RustboroCity_DevonCorp_3F_Text_MrStoneGoWithCautionAndCare,49,54,25,29,1,2,{PLAYER} | {KUN} | \n,ok,
dlg_59680c8db999e859,82,devon,briney,DewfordTown,briney,,Route104_MrBrineysHouse_Text_WaitUpPeeko,41,40,26,27,1,0,\n,ok,
dlg_8b8f8c1d77b9c2c7,83,devon,briney,DewfordTown,briney,,Route104_MrBrineysHouse_Text_ItsYouLetsSailToDewford,317,256,37,31,7,2,{PLAYER} | {KUN} | \n | \l | \p | \n | \p | \p | \n | \p | \p | \n | \p | \n,review_long_page,Thai page likely exceeds the GBA dialogue capacity; retain meaning and review layout.
dlg_5a21047689f2dce8,84,devon,briney,DewfordTown,briney,,Route104_MrBrineysHouse_Text_NeedToMakeDeliveriesSailToDewford,219,169,37,33,4,0,\n | \p | \n | \p | \n | \p,ok,
dlg_4fedb8a481fa3e6c,85,devon,briney,DewfordTown,briney,,Route104_MrBrineysHouse_Text_NeedToDeliverPackageSailToDewford,210,169,36,33,4,0,\n | \p | \n | \p | \n | \p,ok,
dlg_7eaad53685c1854a,86,devon,briney,DewfordTown,briney,,Route104_MrBrineysHouse_Text_SetSailForDewford,85,56,38,25,2,0,\p | \n,ok,
dlg_dbb46905c78db3fa,87,devon,dewford,DewfordTown_Gym,dewford,Brawly,DewfordTown_Gym_Text_BrawlyPostBattle,98,81,38,30,1,0,\n | \l,review_long_line,Thai line likely exceeds the GBA dialogue width; retain meaning and review layout.
dlg_b5f1597d44c6a945,88,devon,dewford,DewfordTown_Gym,dewford,,DewfordTown_Gym_Text_ReceivedKnuckleBadge,39,26,27,19,1,1,{PLAYER} | \n,ok,
dlg_c511203430171749,89,devon,dewford,DewfordTown_Gym,dewford,,DewfordTown_Gym_Text_KnuckleBadgeInfoTakeThis,210,159,38,29,3,0,\n | \l | \p | \n | \p | \n,review_long_line,Thai line likely exceeds the GBA dialogue width; retain meaning and review layout.
dlg_0e086d2f7643bdb7,90,devon,dewford,DewfordTown_Gym,dewford,,DewfordTown_Gym_Text_ExplainBulkUp,91,74,35,28,3,0,\p | \n | \p,ok,
dlg_f3193871c666b294,91,slateport,museum,SlateportCity_OceanicMuseum_2F,museum,,SlateportCity_OceanicMuseum_2F_Text_ThankYouForTheParts,173,155,38,34,3,0,\n | \p | \n | \p | \n,ok,
dlg_bccdea658542d0e8,92,slateport,museum,SlateportCity_OceanicMuseum_2F,museum,,SlateportCity_OceanicMuseum_2F_Text_WellTakeThoseParts,39,40,23,23,1,0,\n,ok,
dlg_6c9bfdabbe559c34,93,slateport,museum,SlateportCity_OceanicMuseum_2F,museum,,SlateportCity_OceanicMuseum_2F_Text_SternWhoAreYou,40,38,21,25,1,0,\n,ok,
dlg_9758a7ae075cd9a8,94,slateport,museum,SlateportCity_OceanicMuseum_2F,museum,,SlateportCity_OceanicMuseum_2F_Text_WereTeamAqua,76,71,33,29,2,0,\p | \n,ok,
dlg_636ae9a849ca1131,95,slateport,museum,SlateportCity_OceanicMuseum_2F,museum,,SlateportCity_OceanicMuseum_2F_Text_BossGoingToBeFurious,57,40,32,22,1,0,\n,ok,
dlg_e8971e4703accf6a,96,slateport,museum,SlateportCity_OceanicMuseum_2F,museum,,SlateportCity_OceanicMuseum_2F_Text_LetMeTakeCareOfThis,47,35,25,19,1,0,\n,ok,
dlg_aa04df9ea54fa8e8,97,slateport,museum,SlateportCity_OceanicMuseum_2F,museum,,SlateportCity_OceanicMuseum_2F_Text_MeddlingKid,116,89,38,32,2,0,\n | \p | \n,ok,
dlg_f04999e65407c9f5,98,slateport,museum,SlateportCity_OceanicMuseum_2F,museum,,SlateportCity_OceanicMuseum_2F_Text_CameToSeeWhatsTakingSoLong,100,87,34,33,1,0,\n | \l,ok,
dlg_6e3b14603f596d92,99,slateport,museum,SlateportCity_OceanicMuseum_2F,museum,Archie,SlateportCity_OceanicMuseum_2F_Text_ArchieWarning,588,466,36,29,13,0,\n | \p | \n | \p | \p | \n | \p | \n | \p | \n | \p | \n | \p | \n | \p | \n | \p | \n | \l | \p | \n | \p | \n | \p,review_long_page,Thai page likely exceeds the GBA dialogue capacity; retain meaning and review layout.
dlg_9d72999ead10d4fe,100,slateport,museum,SlateportCity_OceanicMuseum_2F,museum,,SlateportCity_OceanicMuseum_2F_Text_SternThankYouForSavingUs,164,150,35,30,3,2,\n | {PLAYER} | {KUN} | \p | \n | \p | \n,ok,
dlg_d19a36b6538ce9c5,101,slateport,museum,SlateportCity_OceanicMuseum_2F,museum,,SlateportCity_OceanicMuseum_2F_Text_SternIveGotToGo,203,149,37,26,4,0,\n | \p | \n | \p | \n | \p | \n,ok,
dlg_28a099c0293fe293,102,slateport,route110_rival,Route110,route110,May,Route110_Text_MayLetsBattle,122,123,34,43,3,2,{PLAYER} | {KUN} | \p | \n | \p | \n,review_long_line,Thai line likely exceeds the GBA dialogue width; retain meaning and review layout.
dlg_1d20082a3ecc7ddc,103,slateport,route110_rival,Route110,route110,May,Route110_Text_MayTakeThis,95,65,29,22,2,2,{PLAYER} | {KUN} | \n | \p | \n,ok,
dlg_871ba96348530430,104,slateport,route110_rival,Route110,route110,May,Route110_Text_MayExplainItemfinder,220,176,38,32,4,2,\p | \n | \p | {PLAYER} | {KUN} | \p | \n | \l,review_long_line,Thai line likely exceeds the GBA dialogue width; retain meaning and review layout.
dlg_fd31a8d537ec357f,105,slateport,route110_rival,Route110,route110,Brendan,Route110_Text_BrendanLetsBattle,110,89,35,32,2,1,{PLAYER} | \n | \l | \p | \n,ok,
dlg_d3ccced86c75df3a,106,slateport,route110_rival,Route110,route110,Brendan,Route110_Text_BrendanTakeThis,73,68,25,25,2,1,{PLAYER} | \n | \p | \n,ok,
dlg_d281b79c13882f2a,107,slateport,route110_rival,Route110,route110,Brendan,Route110_Text_BrendanExplainItemfinder,160,132,36,30,4,0,\p | \n | \p | \n | \p | \n,ok,
dlg_be3cc677576abfad,108,slateport,mauville_wally,MauvilleCity,mauville,,MauvilleCity_Text_UncleHesTooPeppy,102,83,35,35,1,0,\n | \l,ok,
dlg_f4f5fe77c8bb1be0,109,slateport,mauville_wally,MauvilleCity,mauville,Wally,MauvilleCity_Text_UncleCanYouBattleWally,148,110,37,27,2,2,{PLAYER} | {KUN} | \n | \l | \p | \n,ok,
dlg_48288662c4edf402,110,slateport,mauville_wally,MauvilleCity,mauville,Wally,MauvilleCity_Text_WallyWantToChallengeGym,112,107,36,34,3,0,\p | \n | \p,ok,
dlg_776b6560c3cc25d0,111,slateport,mauville_wally,MauvilleCity,mauville,,MauvilleCity_Text_UncleYourePushingIt,165,130,38,30,3,0,\p | \n | \p | \n,ok,
dlg_ea21b86b9428270d,112,slateport,mauville_wally,MauvilleCity,mauville,Wally,MauvilleCity_Text_WallyWeCanBeatAnyone,76,76,31,30,2,0,\p | \n,ok,
dlg_9c9adfc531c27500,113,slateport,mauville_wally,MauvilleCity,mauville,Wally,MauvilleCity_Text_WallyWillYouBattleMe,139,134,32,23,4,3,{PLAYER} | \p | \n | \p | {PLAYER} | \n | \p | {PLAYER} | \n,ok,
dlg_cb17948871baa56c,114,slateport,mauville_wally,MauvilleCity,mauville,,MauvilleCity_Text_UncleVisitUsSometime,188,133,37,28,2,2,{PLAYER} | {KUN} | \n | \l | \l | \p | \n | \l,review_long_line,Thai line likely exceeds the GBA dialogue width; retain meaning and review layout.
dlg_a2a0edd5b970588e,115,slateport,mauville_wally,MauvilleCity,mauville,,MauvilleCity_Text_ScottYouDidntHoldBack,260,218,35,28,6,0,\n | \p | \n | \p | \n | \p | \n | \p | \p | \n,ok,
dlg_fb648835502d4cf7,116,slateport,mauville_wally,MauvilleCity,mauville,Wally,MauvilleCity_Text_WallyHereICome,37,36,19,20,2,1,{PLAYER} | \p,ok,
dlg_a08d097557c3e6c2,117,slateport,mauville_wally,MauvilleCity,mauville,Wally,MauvilleCity_Text_WallyIllGoBackToVerdanturf,40,38,27,22,1,0,\n,ok,
dlg_6ebacc9d8cd36793,118,slateport,mauville_wally,MauvilleCity,mauville,,MauvilleCity_Text_ThankYouNotEnoughToBattle,150,132,37,38,2,1,{PLAYER} | \n | \p | \n | \l,review_long_line,Thai line likely exceeds the GBA dialogue width; retain meaning and review layout.
dlg_1dd9ce5252a610ca,119,slateport,mauville_wally,MauvilleCity,mauville,,MauvilleCity_Text_UncleNoNeedToBeDown,164,131,38,26,3,0,\n | \p | \n | \p | \n,ok,
dlg_d86f9ae4036a91a5,120,slateport,mauville_wally,MauvilleCity,mauville,Wally,MauvilleCity_Text_WallyPleaseBattleMe,39,40,23,22,1,1,{PLAYER} | \n,ok,
dlg_29cf2d6c137f7d7c,121,slateport,mauville_wally,MauvilleCity,mauville,Wattson,MauvilleCity_Gym_Text_WattsonPostBattle,64,62,41,31,1,0,\n,review_long_line,Thai line likely exceeds the GBA dialogue width; retain meaning and review layout.
dlg_fc810b4e66b7f5bb,122,slateport,mauville_wally,MauvilleCity,mauville,,MauvilleCity_Gym_Text_ReceivedDynamoBadge,39,29,26,18,1,1,{PLAYER} | \n,ok,
dlg_885f72022e6a7a31,123,slateport,mauville_wally,MauvilleCity,mauville,,MauvilleCity_Gym_Text_ExplainDynamoBadgeTakeThis,148,119,39,28,3,0,\n | \p | \n | \p | \n,ok,
dlg_ffb1954314bec3d3,124,slateport,mauville_wally,MauvilleCity,mauville,,MauvilleCity_Gym_Text_ExplainShockWave,109,77,36,27,3,0,\p | \n | \p,ok,
dlg_61953244313ffbe4,125,volcano,meteor_falls,MeteorFalls_1F_1R,meteor,,MeteorFalls_1F_1R_Text_WithThisMeteorite,58,55,34,31,2,0,\p | \n,ok,
dlg_69bbf0b329ac7158,126,volcano,meteor_falls,MeteorFalls_1F_1R,meteor,,MeteorFalls_1F_1R_Text_DontExpectMercyFromMagma,92,78,40,31,2,0,\p | \n | \l,review_long_line,Thai line likely exceeds the GBA dialogue width; retain meaning and review layout.
dlg_b1ce8521162aba50,127,volcano,meteor_falls,MeteorFalls_1F_1R,meteor,,MeteorFalls_1F_1R_Text_HoldItRightThereMagma,103,76,38,27,2,0,\p | \n,ok,
dlg_c71a89510217f917,128,volcano,meteor_falls,MeteorFalls_1F_1R,meteor,,MeteorFalls_1F_1R_Text_BeSeeingYouTeamAqua,197,175,38,28,5,0,\n | \p | \n | \p | \p | \n | \p | \n,ok,
dlg_e217e7b7f13bbeff,129,volcano,meteor_falls,MeteorFalls_1F_1R,meteor,Archie,MeteorFalls_1F_1R_Text_ArchieSeenYouBefore,317,285,36,35,7,1,\n | \p | {PLAYER} | \p | \n | \p | \n | \p | \n | \p | \n | \p | \n,review_long_line,Thai line likely exceeds the GBA dialogue width; retain meaning and review layout.
dlg_ea4952bca9a7ff22,130,volcano,meteor_falls,MeteorFalls_1F_1R,meteor,,MeteorFalls_1F_1R_Text_BossWeShouldChaseMagma,40,27,29,16,1,0,\n,ok,
dlg_de424b65d2ac84b8,131,volcano,meteor_falls,MeteorFalls_1F_1R,meteor,Archie,MeteorFalls_1F_1R_Text_ArchieYesNoTellingWhatMagmaWillDo,102,80,34,25,2,0,\n | \p | \n,ok,
dlg_620b24cda6ef26e8,132,volcano,meteor_falls,MeteorFalls_1F_1R,meteor,Archie,MeteorFalls_1F_1R_Text_ArchieFarewell,65,38,31,16,2,1,{PLAYER} | \n | \p,ok,
dlg_3a084ac6783a9ce7,133,volcano,mt_chimney,MtChimney,chimney,Archie,MtChimney_Text_ArchieGoStopTeamMagma,235,165,36,32,4,1,{PLAYER} | \n | \p | \n | \p | \n | \p | \n,ok,
dlg_3e2b11896ebb1637,134,volcano,mt_chimney,MtChimney,chimney,Archie,MtChimney_Text_ArchieIHaveMyHandsFull,113,92,38,25,3,0,\p | \n | \p | \n,ok,
dlg_ed68ce020b1d6ba1,135,volcano,mt_chimney,MtChimney,chimney,,MtChimney_Text_MeteoriteWillActivateVolcano,189,138,37,24,3,0,\p | \n | \l | \p | \n | \l,ok,
dlg_e5fe9110f8a82454,136,volcano,mt_chimney,MtChimney,chimney,Maxie,MtChimney_Text_MaxieIntro,647,568,35,35,12,0,\n | \p | \n | \p | \n | \l | \p | \p | \n | \p | \n | \l | \p | \n | \p | \n | \p | \n | \p | \n | \p | \n | \p | \n | \l,review_long_line,Thai line likely exceeds the GBA dialogue width; retain meaning and review layout.
dlg_6d5968a287374b4b,137,volcano,mt_chimney,MtChimney,chimney,Maxie,MtChimney_Text_MaxieYouHaventSeenLastOfMagma,172,151,37,34,4,0,\n | \p | \n | \p | \p | \n,ok,
dlg_31d1999313c6eb44,138,volcano,mt_chimney,MtChimney,chimney,Archie,MtChimney_Text_ArchieThankYou,212,178,35,33,6,2,{PLAYER} | \n | \p | \n | \p | \n | \p | \p | \n | \p | {PLAYER},ok,
dlg_42c985b1510208be,139,volcano,mt_chimney,MtChimney,chimney,,MtChimney_Text_PlayerRemovedMeteorite,50,38,27,21,1,1,{PLAYER} | \n,ok,
dlg_fe675caa94756773,140,volcano,jagged_magma,JaggedPass,jagged,,JaggedPass_Text_BoulderShakingInResponseToEmblem,59,52,39,31,1,0,\n,ok,
dlg_d1feb2740067b7ae,141,volcano,jagged_magma,JaggedPass,jagged,,JaggedPass_Text_GruntIntro,94,72,37,30,3,0,\n | \p | \p,ok,
dlg_ad170cc8edbfbd94,142,volcano,lavaridge,LavaridgeTown_Gym_1F,lavaridge,Flannery,LavaridgeTown_Gym_1F_Text_FlanneryPostBattle,96,91,35,35,2,0,\p | \n,ok,
dlg_85cc669a07cfd1db,143,volcano,lavaridge,LavaridgeTown_Gym_1F,lavaridge,,LavaridgeTown_Gym_1F_Text_ReceivedHeatBadge,38,24,24,15,1,1,{PLAYER} | \n,ok,
dlg_1082e920ad6c3157,144,volcano,lavaridge,LavaridgeTown_Gym_1F,lavaridge,,LavaridgeTown_Gym_1F_Text_ExplainHeatBadgeTakeThis,251,203,37,31,3,0,\n | \l | \l | \p | \n | \p | \n,review_long_line,Thai line likely exceeds the GBA dialogue width; retain meaning and review layout.
dlg_dc7603a3e7b7cee7,145,volcano,lavaridge,LavaridgeTown_Gym_1F,lavaridge,,LavaridgeTown_Gym_1F_Text_ExplainOverheat,181,148,37,31,3,0,\p | \n | \p | \n | \l,review_long_line,Thai line likely exceeds the GBA dialogue width; retain meaning and review layout.
dlg_6bc82f96214c6653,146,badges,weather,Route119_WeatherInstitute_1F,weather,,Route119_WeatherInstitute_2F_Text_TeamMagmaJustPassedBy,112,108,28,27,3,0,\p | \n | \p | \n,ok,
dlg_72d579cc12f30a2d,147,badges,weather,Route119_WeatherInstitute_1F,weather,,Route119_WeatherInstitute_2F_Text_WeHaveToHurryToMtPyre,110,106,34,32,3,0,\p | \n | \p | \n,ok,
dlg_15b8f87c5174f5d2,148,badges,weather,Route119_WeatherInstitute_1F,weather,,Route119_WeatherInstitute_2F_Text_ThanksPleaseTakePokemon,94,87,39,29,2,0,\n | \p | \n,ok,
dlg_fbfff4949ad6b61d,149,badges,weather,Route119_WeatherInstitute_1F,weather,,gText_NicknameThisPokemon,39,30,33,19,1,1,\n | {STR_VAR_1},ok,
dlg_3949d91512dde4d1,150,badges,weather,Route119_WeatherInstitute_1F,weather,,Route119_WeatherInstitute_2F_Text_PlayerReceivedCastform,19,15,19,15,1,1,{PLAYER},ok,
dlg_019f94a8aef9ea9b,151,badges,route119_rival,Route119,route119,May,Route119_Text_MayIntro,145,124,38,32,3,2,{PLAYER} | {KUN} | \n | \p | \n | \p | \n,ok,
dlg_8f9454ec6b2ac0f0,152,badges,route119_rival,Route119,route119,May,Route119_Text_MayPresentForYou,96,84,36,31,2,0,\n | \p,ok,
dlg_6be0ed70a0acd49c,153,badges,route119_rival,Route119,route119,May,Route119_Text_MayExplainFly,309,264,38,33,5,2,\n | \l | \p | \n | \l | \p | \n | \p | \n | {PLAYER} | {KUN} | \p,ok,
dlg_83a72594b4c34bcc,154,badges,route119_rival,Route119,route119,Brendan,Route119_Text_BrendanIntro,130,112,32,26,3,1,{PLAYER} | \n | \p | \n | \p | \n,ok,
dlg_558729c3a49c4cf8,155,badges,route119_rival,Route119,route119,Brendan,Route119_Text_BrendanIllGiveYouThis,102,80,35,27,2,0,\n | \p | \n,ok,
dlg_76bf541ad1e06184,156,badges,route119_rival,Route119,route119,Brendan,Route119_Text_BrendanExplainFly,165,130,35,31,3,0,\n | \l | \p | \n | \p,ok,
dlg_6f04353d49eb36ad,157,badges,route119_rival,Route119,route119,,Route119_Text_ScottWayToGoBeSeeingYou,330,269,40,30,6,2,\n | {PLAYER} | {KUN} | \p | \n | \p | \n | \p | \n | \p | \n | \p | \n,review_long_line,Thai line likely exceeds the GBA dialogue width; retain meaning and review layout.
dlg_90522eab9aeeb6c1,158,badges,fortree,FortreeCity_Gym,fortree,Winona,FortreeCity_Gym_Text_WinonaPostBattle,59,51,35,28,1,0,\n,ok,
dlg_043520f7cee45426,159,badges,fortree,FortreeCity_Gym,fortree,,FortreeCity_Gym_Text_ReceivedFeatherBadge,39,26,27,19,1,1,{PLAYER} | \n,ok,
dlg_4ba2da8c6c4cb804,160,badges,fortree,FortreeCity_Gym,fortree,,FortreeCity_Gym_Text_ExplainFeatherBadgeTakeThis,206,172,38,37,3,0,\n | \l | \p | \n | \p | \n,ok,
dlg_edeb336fc52d099f,161,badges,fortree,FortreeCity_Gym,fortree,Steven,Route120_Text_StevenShowMeYourPower,46,55,27,29,1,2,{PLAYER} | {KUN} | \n,ok,
dlg_8a26b89ed2ec5faf,162,badges,fortree,FortreeCity_Gym,fortree,Steven,Route120_Text_StevenUsedDevonScope,104,89,38,27,3,0,\p | \n | \p,ok,
dlg_98e1f16605e4b205,163,badges,fortree,FortreeCity_Gym,fortree,,Kecleon_Text_SomethingUnseeable,34,33,34,33,1,0,,ok,
dlg_e89bf2fc11073911,164,badges,fortree,FortreeCity_Gym,fortree,,FortreeCity_Gym_Text_ExplainAerialAce,84,83,38,27,3,0,\p | \n | \p,ok,
dlg_972b63a027991002,165,badges,fortree,FortreeCity_Gym,fortree,Steven,Route120_Text_StevenGiveDevonScope,196,184,33,31,4,0,\n | \p | \n | \p | \n | \p | \n,ok,
dlg_2c9ae36316cdc574,166,badges,fortree,FortreeCity_Gym,fortree,Steven,Route120_Text_StevenGoodbye,124,101,35,35,4,2,{PLAYER} | {KUN} | \p | \n | \p | \p,ok,
dlg_d918d79168cfccf1,167,hideouts,mt_pyre,MtPyre_Summit,mt_pyre,Archie,MtPyre_Summit_Text_ArchieWeGotTheOrbLetsGo,236,228,40,45,4,0,\n | \p | \n | \p | \n | \p | \n,review_long_line,Thai line likely exceeds the GBA dialogue width; retain meaning and review layout.
dlg_3e6adbb836d10aa0,168,hideouts,mt_pyre,MtPyre_Summit,mt_pyre,,MtPyre_Summit_Text_BothOrbsTakenMagmaLeftThis,440,400,38,35,9,0,\n | \p | \n | \p | \n | \p | \n | \p | \n | \p | \n | \p | \n | \p | \n | \p | \n,review_long_line,Thai line likely exceeds the GBA dialogue width; retain meaning and review layout.
dlg_735f1ef23f4ce480,169,hideouts,mt_pyre,MtPyre_Summit,mt_pyre,,MtPyre_Summit_Text_ThoseTwoMenReturnedOrbs,116,89,39,31,2,0,\n | \p | \n,ok,
dlg_99952122a38c4d6b,170,hideouts,mt_pyre,MtPyre_Summit,mt_pyre,,MtPyre_Summit_Text_SuperAncientPokemonTaughtUs,229,188,36,28,4,0,\n | \p | \n | \p | \n | \l | \p | \n,ok,
dlg_e5b724b2524196f4,171,hideouts,mt_pyre,MtPyre_Summit,mt_pyre,Maxie,MtPyre_Summit_Text_MaxieSilence,30,34,11,12,2,1,{PLAYER} | \p | \n,ok,
dlg_36ea63b7ce608519,172,hideouts,magma_hideout,MagmaHideout_1F,magma_hideout,Maxie,MagmaHideout_4F_Text_MaxieAwakenGroudon,221,207,38,36,5,0,\p | \n | \p | \n | \p | \n | \p | \n,ok,
dlg_f34fbe4729fcf204,173,hideouts,magma_hideout,MagmaHideout_1F,magma_hideout,Maxie,MagmaHideout_4F_Text_MaxieGroudonWhatsWrong,84,83,28,34,3,0,\n | \p | \p | \n,ok,
dlg_4943951ba089dba9,174,hideouts,magma_hideout,MagmaHideout_1F,magma_hideout,Maxie,MagmaHideout_4F_Text_MaxieOhItWasYou,125,106,37,27,3,0,\p | \n | \p | \n,ok,
dlg_0ced0caff1c00ef9,175,hideouts,magma_hideout,MagmaHideout_1F,magma_hideout,Maxie,MagmaHideout_4F_Text_MaxieImGoingAfterGroudon,273,209,37,31,6,0,\n | \p | \n | \p | \n | \p | \n | \p | \n | \p | \n,ok,
dlg_4eda68ad2ec20a56,176,hideouts,submarine,SlateportCity,submarine,,SlateportCity_Text_CaptSternBeingInterviewed,122,102,38,32,2,0,\n | \p | \n,ok,
dlg_7f0709929860c17b,177,hideouts,submarine,SlateportCity,submarine,,SlateportCity_Text_SternSaysDiscoveredSomething,104,83,35,30,2,0,\n | \p | \n,ok,
dlg_29e6bfe52cbe76dc,178,hideouts,submarine,SlateportCity,submarine,,SlateportCity_Text_SternMoveAheadWithExploration,70,52,38,34,1,0,\n,ok,
dlg_a24a9e2b5d3b180d,179,hideouts,submarine,SlateportCity,submarine,,SlateportCity_Text_SternWhewFirstInterview,85,79,39,30,2,0,\p | \n,ok,
dlg_f70b830d8ec236fd,180,hideouts,submarine,SlateportCity,submarine,,SlateportCity_Text_OhPlayerWeMadeDiscovery,201,165,38,35,4,2,{PLAYER} | {KUN} | \n | \p | \n | \p | \n | \p | \n,review_long_line,Thai line likely exceeds the GBA dialogue width; retain meaning and review layout.
dlg_ac6bacd443ddc584,181,hideouts,submarine,SlateportCity,submarine,,SlateportCity_Text_AquaWillAssumeControlOfSubmarine,202,152,33,25,4,0,\n | \p | \n | \p | \n | \p | \n | \l,ok,
dlg_0b38356a9d2a5891,182,hideouts,submarine,SlateportCity,submarine,,SlateportCity_Text_SternWhatWasAllThat,101,86,37,34,3,0,\p | \n | \p,ok,
dlg_b97c111ae0282f20,183,hideouts,submarine,SlateportCity,submarine,,SlateportCity_Text_FromHarborTryingToTakeSub,61,48,26,20,2,0,\p | \n,ok,
dlg_5d595593ae009b8a,184,hideouts,submarine,SlateportCity,submarine,,SlateportCity_Text_PleaseComeWithMe,22,13,21,12,1,2,{PLAYER} | {KUN} | \n,ok,
dlg_40ef2cebfda60ee7,185,hideouts,submarine,SlateportCity,submarine,,SlateportCity_Harbor_Text_SameThugsTriedToRobAtMuseum,92,81,37,30,2,0,\p | \n,ok,
dlg_85246ab6bfa6b21d,186,hideouts,submarine,SlateportCity,submarine,,SlateportCity_Harbor_Text_CaptSternWhyStealMySubmarine,202,156,36,32,4,0,\p | \n | \p | \n | \p | \n,ok,
dlg_4df79a104565cdd7,187,hideouts,aqua_hideout,AquaHideout_1F,aqua_hideout,,AquaHideout_B2F_Text_OurBossGotThroughHisPreparations,73,71,37,33,2,0,\p | \n,ok,
dlg_45b733a3659fa52c,188,mossdeep,mossdeep,MossdeepCity_Gym,mossdeep,Tate,MossdeepCity_Gym_Text_TateAndLizaPostBattle,172,137,37,35,2,0,\n | \l | \p | \n,review_long_line,Thai line likely exceeds the GBA dialogue width; retain meaning and review layout.
dlg_16583cf9036a06e6,189,mossdeep,mossdeep,MossdeepCity_Gym,mossdeep,,MossdeepCity_Gym_Text_ReceivedMindBadge,43,28,24,17,1,1,{PLAYER} | \n,ok,
dlg_43359ec54091c550,190,mossdeep,mossdeep,MossdeepCity_Gym,mossdeep,,MossdeepCity_Gym_Text_ExplainMindBadgeTakeThis,162,132,38,43,3,0,\n | \p | \n | \p,review_long_line,Thai line likely exceeds the GBA dialogue width; retain meaning and review layout.
dlg_bf9f721d101df3f8,191,mossdeep,mossdeep,MossdeepCity_Gym,mossdeep,,MossdeepCity_Gym_Text_ExplainCalmMind,163,146,33,31,4,0,\n | \p | \n | \p | \n | \p,ok,
dlg_10a0c4da3c01bfa0,192,mossdeep,space_center,MossdeepCity_SpaceCenter_1F,space_center,,MossdeepCity_SpaceCenter_1F_Text_MagmaCantStealFuelTakeThis,112,88,39,30,2,0,\n | \p | \n,ok,
dlg_79ce7f56167066ae,193,mossdeep,space_center,MossdeepCity_SpaceCenter_1F,space_center,Steven,MossdeepCity_SpaceCenter_1F_Text_StevenMagmaCantBeAllowedToTakeFuel,277,198,37,30,5,2,{PLAYER} | {KUN} | \n | \p | \n | \p | \n | \p | \n | \p | \n,ok,
dlg_70357e86f6ea09df,194,mossdeep,space_center,MossdeepCity_SpaceCenter_1F,space_center,,MossdeepCity_SpaceCenter_2F_Text_YoureOutnumberedTakeUsOn,87,71,33,31,2,0,\p | \n,ok,
dlg_0d1adf3d7c53be63,195,mossdeep,space_center,MossdeepCity_SpaceCenter_1F,space_center,,MossdeepCity_SpaceCenter_2F_Text_GoodAnswer,45,34,33,25,1,0,\n,ok,
dlg_8199f6fe43038be0,196,mossdeep,space_center,MossdeepCity_SpaceCenter_1F,space_center,,MossdeepCity_SpaceCenter_2F_Text_Grunt5Intro,50,38,30,20,1,0,\n,ok,
dlg_abc5b37215d62d43,197,mossdeep,space_center,MossdeepCity_SpaceCenter_1F,space_center,,MossdeepCity_SpaceCenter_2F_Text_Grunt6Intro,41,32,29,18,1,0,\n,ok,
dlg_18051728da20cef1,198,mossdeep,space_center,MossdeepCity_SpaceCenter_1F,space_center,,MossdeepCity_SpaceCenter_2F_Text_Grunt7Intro,68,44,37,23,1,0,\n,ok,
dlg_63197315c2211581,199,mossdeep,space_center,MossdeepCity_SpaceCenter_1F,space_center,,MossdeepCity_SpaceCenter_2F_Text_WhyWouldMagmaStealRocketFuel,69,53,35,28,1,0,\n,ok,
dlg_ff6b7727bf98e870,200,mossdeep,space_center,MossdeepCity_SpaceCenter_1F,space_center,,MossdeepCity_SpaceCenter_2F_Text_MagmaCantGetAwayWithThis,121,103,36,30,2,0,\n | \p | \n,ok,
dlg_33a9a5236748bb7b,201,mossdeep,space_center,MossdeepCity_SpaceCenter_1F,space_center,,MossdeepCity_SpaceCenter_2F_Text_DoesMagmaWantToGoToSpace,44,34,33,25,1,0,\n,ok,
dlg_9bb71a44ed8e9cc8,202,mossdeep,space_center,MossdeepCity_SpaceCenter_1F,space_center,Maxie,MossdeepCity_SpaceCenter_2F_Text_MaxieDontInterfere,53,38,28,21,1,0,\n,ok,
dlg_fad0e7d043c9af8c,203,mossdeep,space_center,MossdeepCity_SpaceCenter_1F,space_center,Steven,MossdeepCity_SpaceCenter_2F_Text_StevenWhyStealRocketFuel,59,49,35,20,2,0,\p | \n,ok,
dlg_220e2ebc787a03bc,204,mossdeep,space_center,MossdeepCity_SpaceCenter_1F,space_center,Maxie,MossdeepCity_SpaceCenter_2F_Text_MaxieUseFuelToEruptVolcano,262,227,37,31,5,0,\n | \p | \n | \p | \n | \p | \n | \p,ok,
dlg_104f959b73f4cfdb,205,mossdeep,space_center,MossdeepCity_SpaceCenter_1F,space_center,Maxie,MossdeepCity_SpaceCenter_2F_Text_MaxieWeFailedIsAquaAlsoMisguided,269,248,37,32,6,0,\n | \p | \n | \p | \n | \p | \n | \p | \n | \l | \p | \n,ok,
dlg_1d1b84c3dd049a67,206,mossdeep,space_center,MossdeepCity_SpaceCenter_1F,space_center,Maxie,MossdeepCity_SpaceCenter_2F_Text_MaxieWeWillGiveUp,106,89,33,28,2,0,\n | \p | \n,ok,
dlg_63d0a5b1cfa2160d,207,mossdeep,space_center,MossdeepCity_SpaceCenter_1F,space_center,Steven,MossdeepCity_SpaceCenter_2F_Text_StevenThankYouComeSeeMeAtHome,209,168,39,34,4,2,\n | {PLAYER} | {KUN} | \p | \n | \p | \n | \p | \n,ok,
dlg_56c225a224c38318,208,crisis,seafloor,SeafloorCavern_Room9,seafloor,Archie,SeafloorCavern_Room9_Text_ArchieHoldItRightThere,28,25,28,25,1,0,,ok,
dlg_e21be4ce24181c9d,209,crisis,seafloor,SeafloorCavern_Room9,seafloor,Archie,SeafloorCavern_Room9_Text_ArchieSoItWasYou,40,34,25,17,1,0,\n,ok,
dlg_672712da70f8720a,210,crisis,seafloor,SeafloorCavern_Room9,seafloor,Archie,SeafloorCavern_Room9_Text_ArchieBeholdKyogre,129,100,37,34,3,0,\p | \n | \p | \n,ok,
dlg_904db249c77a5fb4,211,crisis,seafloor,SeafloorCavern_Room9,seafloor,Archie,SeafloorCavern_Room9_Text_ArchieYouMustDisappear,139,123,35,34,3,0,\n | \p | \p | \n,ok,
dlg_5b8c8d67abbc38ae,212,crisis,seafloor,SeafloorCavern_Room9,seafloor,Archie,SeafloorCavern_Room9_Text_ArchieWithThisRedOrb,142,123,37,37,4,0,\p | \n | \p | \n | \p,review_long_line,Thai line likely exceeds the GBA dialogue width; retain meaning and review layout.
dlg_30a432ed17b0bf86,213,crisis,seafloor,SeafloorCavern_Room9,seafloor,,SeafloorCavern_Room9_Text_RedOrbShinesByItself,44,42,34,32,1,0,\n,ok,
dlg_5e4dc15ea2604bc6,214,crisis,seafloor,SeafloorCavern_Room9,seafloor,Archie,SeafloorCavern_Room9_Text_ArchieWhereDidKyogreGo,75,78,21,21,3,0,\p | \n | \p,ok,
dlg_42f4426fdf01c018,215,crisis,seafloor,SeafloorCavern_Room9,seafloor,Archie,SeafloorCavern_Room9_Text_ArchieAMessageFromOutside,51,43,35,25,1,0,\n,ok,
dlg_50cdd92ec4d3dc51,216,crisis,seafloor,SeafloorCavern_Room9,seafloor,Archie,SeafloorCavern_Room9_Text_ArchieWhatRainingTooHard,310,282,32,35,7,0,\p | \n | \p | \n | \l | \l | \p | \p | \n | \p | \n | \p | \n,ok,
dlg_57e3edbafd739069,217,crisis,seafloor,SeafloorCavern_Room9,seafloor,Archie,SeafloorCavern_Room9_Text_ArchieWhyDidKyogreDisappear,123,102,33,24,4,0,\p | \n | \p | \n | \p,ok,
dlg_b1b9bedf4bbb9835,218,crisis,seafloor,SeafloorCavern_Room9,seafloor,Maxie,SeafloorCavern_Room9_Text_MaxieWhatHaveYouWrought,203,158,37,32,4,0,\p | \n | \p | \n | \p | \n,ok,
dlg_b9b9dc0d0d6b7eb0,219,crisis,seafloor,SeafloorCavern_Room9,seafloor,Archie,SeafloorCavern_Room9_Text_ArchieDontGetAllHighAndMighty,201,169,38,27,4,0,\n | \p | \n | \p | \n | \p,ok,
dlg_881182be07580274,220,crisis,seafloor,SeafloorCavern_Room9,seafloor,Maxie,SeafloorCavern_Room9_Text_MaxieWeDontHaveTimeToArgue,140,114,33,28,3,0,\n | \p | \p | \n,ok,
dlg_648adc974a14e68d,221,crisis,seafloor,SeafloorCavern_Room9,seafloor,Maxie,SeafloorCavern_Room9_Text_MaxieComeOnPlayer,50,47,26,26,1,1,{PLAYER} | \n,ok,
dlg_a9cd459000662ef7,222,crisis,crisis,SootopolisCity,crisis,,SootopolisCity_Text_SoThatsRayquaza,99,86,37,37,2,0,\p | \n,review_long_line,Thai line likely exceeds the GBA dialogue width; retain meaning and review layout.
dlg_5fe249944b18d8de,223,crisis,crisis,SootopolisCity,crisis,,SootopolisCity_Text_KnowWhatsNeededToHelpHim,50,49,31,28,1,0,\n,ok,
dlg_3e9330ccd919163e,224,crisis,crisis,SootopolisCity,crisis,Archie,SootopolisCity_Text_MaxieArchieLeft,121,108,36,31,2,0,\n | \p | \n,ok,
dlg_b7e2f6325e376b0e,225,crisis,crisis,SootopolisCity,crisis,,SootopolisCity_Text_NeverBeenToSkyPillar,72,68,27,25,2,0,\p | \n,ok,
dlg_2eb7f1b6277a7dc5,226,crisis,crisis,SootopolisCity,crisis,,SootopolisCity_Text_InvolvedWithCrisisComeWithMe,347,265,36,32,7,2,\n | \p | \n | \p | \n | \p | {PLAYER} | {KUN} | \p | \n | \l | \p | \n | \p,ok,
dlg_585a3ab7c24ab2ed,227,crisis,crisis,SootopolisCity,crisis,,SootopolisCity_Text_DoesThisMakeYourFearPokemon,174,160,35,33,4,2,{PLAYER} | {KUN} | \p | \n | \p | \n | \p | \n,ok,
dlg_d0a9580f9bb5ec14,228,crisis,crisis,SootopolisCity,crisis,Wallace,SootopolisCity_Text_HereWereAreHelpWallace,113,90,37,21,3,0,\p | \n | \p | \n,ok,
dlg_62cd9667f8720313,229,crisis,sky_pillar,SkyPillar_Outside,sky_pillar,,SkyPillar_Outside_Text_OpenedDoorToSkyPillar,156,128,36,28,4,2,\p | \n | \p | \n | \p | {PLAYER} | {KUN},ok,
dlg_5ed157f43a6632fb,230,crisis,sky_pillar,SkyPillar_Outside,sky_pillar,,SkyPillar_Outside_Text_EarthquakeNotMomentToWaste,77,68,30,34,2,0,\p | \n,ok,
dlg_847ea0c983f7e391,231,crisis,sky_pillar,SkyPillar_Outside,sky_pillar,,SkyPillar_Outside_Text_SituationGettingWorse,44,39,31,27,1,0,\n,ok,
dlg_7ff2392c13cba811,232,crisis,sky_pillar,SkyPillar_Outside,sky_pillar,,SkyPillar_Outside_Text_GotToGoBackForSootopolis,205,173,35,26,6,2,\p | \n | \p | {PLAYER} | {KUN} | \p | \n | \p | \n | \p | \n,ok,
dlg_6b211e62d63b8b92,233,crisis,sky_pillar,SkyPillar_Outside,sky_pillar,,SkyPillar_Top_Text_RayquazaFlewOff,31,28,31,28,1,0,,ok,
dlg_c535707ea4269a80,234,crisis,rayquaza,SootopolisCity,resolution,,SootopolisCity_Text_AfterAllOurScheming,218,190,36,34,3,0,\n | \p | \n | \l | \l | \p | \n,ok,
dlg_6e265d07775a618e,235,crisis,rayquaza,SootopolisCity,resolution,,SootopolisCity_Text_TryingMeaninglessToPokemon,204,174,35,34,4,0,\n | \p | \n | \p | \n | \p | \n | \l,ok,
dlg_2d66888f162fdf06,236,league,final_gym,SootopolisCity_Gym_1F,final_gym,Juan,SootopolisCity_Gym_1F_Text_JuanPostBattle,229,165,36,30,4,0,\n | \l | \p | \p | \n | \p | \n,ok,
dlg_e4617a5d97c17e89,237,league,final_gym,SootopolisCity_Gym_1F,final_gym,,SootopolisCity_Gym_1F_Text_ReceivedRainBadge,34,25,24,17,1,1,{PLAYER} | \n,ok,
dlg_04c38272168a6c08,238,league,final_gym,SootopolisCity_Gym_1F,final_gym,,SootopolisCity_Gym_1F_Text_ExplainRainBadgeTakeThis,251,195,38,31,3,0,\n | \l | \p | \n | \l | \p | \n,ok,
dlg_b78ca7c65ffc780f,239,league,final_gym,SootopolisCity_Gym_1F,final_gym,,SootopolisCity_Gym_1F_Text_ExplainWaterPulse,135,111,36,37,3,0,\n | \p | \n | \p,review_long_line,Thai line likely exceeds the GBA dialogue width; retain meaning and review layout.
dlg_dd46d9c50f26106a,240,league,final_gym,SootopolisCity_Gym_1F,final_gym,,SootopolisCity_Gym_1F_Text_GoGetFortreeBadge,144,114,36,27,2,0,\n | \p | \n | \l,ok,
dlg_ae26a5585d0e39c3,241,league,victory_road,VictoryRoad_1F,victory_road,Wally,VictoryRoad_1F_Text_WallyNotGoingToLoseAnymore,264,214,38,30,7,2,{PLAYER} | \p | \p | \n | \p | {PLAYER} | \n | \p | \p | \n | \p,ok,
dlg_2c3eb5a86574bda7,242,league,victory_road,VictoryRoad_1F,victory_road,Wally,VictoryRoad_1F_Text_WallyPostEntranceBattle,78,65,33,32,1,1,\n | {PLAYER} | \l,ok,
dlg_166dd7131ed8aba5,243,league,elite_four,EverGrandeCity_DrakesRoom,elite_four,,EverGrandeCity_DrakesRoom_Text_IntroSpeech,332,281,36,38,6,0,\n | \p | \n | \p | \n | \p | \n | \p | \p | \n,review_long_line,Thai line likely exceeds the GBA dialogue width; retain meaning and review layout.
dlg_27801ee152f487cf,244,league,elite_four,EverGrandeCity_DrakesRoom,elite_four,,EverGrandeCity_GlaciasRoom_Text_IntroSpeech,255,209,39,34,5,0,\n | \p | \n | \p | \n | \p | \p | \n,ok,
dlg_3e4d602d030fbda7,245,league,elite_four,EverGrandeCity_DrakesRoom,elite_four,,EverGrandeCity_PhoebesRoom_Text_IntroSpeech,270,229,40,34,5,0,\p | \n | \p | \n | \p | \n | \p | \n,ok,
dlg_eb6ec0975494eabc,246,league,elite_four,EverGrandeCity_DrakesRoom,elite_four,,EverGrandeCity_SidneysRoom_Text_IntroSpeech,243,189,36,28,3,0,\n | \p | \n | \l | \p | \n | \l,ok,
dlg_2ebe47d3ac14fd8e,247,league,champion,EverGrandeCity_ChampionsRoom,champion,,EverGrandeCity_ChampionsRoom_Text_IntroSpeech,583,496,37,34,11,2,{PLAYER} | {KUN} | \p | \n | \l | \p | \p | \n | \p | \n | \p | \n | \l | \p | \n | \p | \n | \l | \p | \p | \n | \p,ok,
dlg_025c0ed4eb72f302,248,league,champion,EverGrandeCity_ChampionsRoom,champion,May,EverGrandeCity_ChampionsRoom_Text_MayAdvice,58,46,39,27,2,2,{PLAYER} | {KUN} | \p | \n,ok,
dlg_7998d023049f109f,249,league,champion,EverGrandeCity_ChampionsRoom,champion,May,EverGrandeCity_ChampionsRoom_Text_MayItsAlreadyOver,62,52,18,17,2,2,\n | \p | {PLAYER} | {KUN} | \n | \l,ok,
dlg_002edf666920d96c,250,league,champion,EverGrandeCity_ChampionsRoom,champion,Brendan,EverGrandeCity_ChampionsRoom_Text_BrendanAdvice,75,45,37,20,2,1,{PLAYER} | \p | \n,ok,
dlg_2354d73bb4e62974,251,league,champion,EverGrandeCity_ChampionsRoom,champion,Brendan,EverGrandeCity_ChampionsRoom_Text_BrendanYouveWon,63,38,27,20,2,1,{PLAYER} | \p | \n,ok,
dlg_81ca23e1fc2c226a,252,league,champion,EverGrandeCity_ChampionsRoom,champion,Professor Birch,EverGrandeCity_ChampionsRoom_Text_BirchArriveRatePokedex,335,262,37,30,7,5,\n | {RIVAL} | \p | \n | {PLAYER} | {KUN} | \p | \n | {PLAYER} | {KUN} | \p | \n | \l | \p | \n | \p | \p | \n,ok,
dlg_dd762debedb89c77,253,league,champion,EverGrandeCity_ChampionsRoom,champion,Professor Birch,EverGrandeCity_ChampionsRoom_Text_BirchCongratulations,73,76,36,40,2,0,\n | \p,review_long_line,Thai line likely exceeds the GBA dialogue width; retain meaning and review layout.
dlg_e48bce6d96070af2,254,league,champion,EverGrandeCity_ChampionsRoom,champion,Wallace,EverGrandeCity_ChampionsRoom_Text_WallaceComeWithMe,74,62,34,29,4,2,{PLAYER} | {KUN} | \p | \p | \p,ok,
dlg_44055334f4fe10fa,255,league,champion,EverGrandeCity_ChampionsRoom,champion,Wallace,EverGrandeCity_ChampionsRoom_Text_WallaceWaitOutside,137,114,37,36,3,0,\p | \n | \p | \n,review_long_line,Thai line likely exceeds the GBA dialogue width; retain meaning and review layout.
dlg_ba212f09bd9a9718,256,league,champion,EverGrandeCity_ChampionsRoom,champion,May,EverGrandeCity_ChampionsRoom_Text_MayCongratulations,113,105,29,25,4,2,\p | \n | \p | \n | \p | {PLAYER} | {KUN} | \n,ok,
dlg_d3aa53241d06684c,257,league,champion,EverGrandeCity_ChampionsRoom,champion,Brendan,EverGrandeCity_ChampionsRoom_Text_BrendanCongratulations,109,88,38,24,3,1,\n | \p | \p | {PLAYER} | \n,ok,
dlg_7696ddbcad4cdaca,258,league,champion,EverGrandeCity_ChampionsRoom,champion,Professor Birch,gBirchDexRatingText_SoYouveSeenAndCaught,57,43,27,22,2,2,\p | {STR_VAR_1} | \n | {STR_VAR_2},ok,
dlg_dc0ce7c8455a31db,259,league,champion,EverGrandeCity_ChampionsRoom,champion,Professor Birch,gBirchDexRatingText_OnANationwideBasis,75,64,27,22,2,2,\n | \p | {STR_VAR_1} | \n | {STR_VAR_2},ok,
dlg_620c88648d5b14e6,260,league,hall_of_fame,EverGrandeCity_HallOfFame,hall_of_fame,,EverGrandeCity_HallOfFame_Text_HereWeHonorLeagueChampions,143,129,36,28,3,0,\p | \n | \l | \p | \n,ok,
dlg_f8d2a6465c7b7c81,261,league,hall_of_fame,EverGrandeCity_HallOfFame,hall_of_fame,,EverGrandeCity_HallOfFame_Text_LetsRecordYouAndYourPartnersNames,141,115,36,31,1,0,\n | \l | \l,ok,
